Type,masterId,parentId,itemGuid,Menu,Menu group,Subgroup,"Item, open item",Size modifier,"Modifiers, special requests",Sales Category,Item tags,Deferred,Qty sold,Avg. price,Item COGS,Gross sales,Discount amount,Refund amount,Void amount,Net sales,COGS,Gross profit,Gross margin (%),Tax,Waste count,Waste amount,Voided gross sale,Voided qty sold,Item qty incl. voids,Gross amount incl. voids
"",,,,,,,,,,,,,3867.5,14.70,,56855.69,998.22,0.0,1305.43,55857.47,,,,4491.18,0.0,0.0,1305.43,104.5,3972.00,58161.12
"",,,,Food,,,,,,,,,2625.5,16.24,,42637.23,839.56,0.0,852.75,41797.67,,,,3425.50,0.0,0.0,852.75,59.5,2685.00,43489.98
"",1300000000070704228,,d0783898-f17e-4d20-bccf-573043bb87a2,Food,Appetizers,,,,,,,,582.0,10.06,,5856.48,101.82,0.0,159.5,5754.66,,,,473.21,0.0,0.0,159.5,16.0,598.00,6015.98
menuItem,1300000000070704230,1300000000070704228,391acba7-af0d-4579-8f5a-40cf1c3658dc,Food,Appetizers,,Bread Plate,,,Food,[],false,166.0,4.52,,749.98,21.39,0.0,22.5,728.59,,,,59.86,0.0,0.0,22.5,5.0,171.00,772.48
menuItem,1300000000070704234,1300000000070704228,bd39ac4b-e5f9-4277-9e9f-ffc676d4f947,Food,Appetizers,,Bruschetta,,,Food,[],false,47.0,13.50,,634.5,1.35,0.0,13.5,633.15,,,,52.07,0.0,0.0,13.5,1.0,48.00,648.00
menuItem,1300000000070704242,1300000000070704228,2ef55f99-9b94-49d5-80c3-4434ed77d2e4,Food,Appetizers,,Clams Appetizer,,,Food,[],false,3.0,18.00,,54.0,0.0,0.0,0.0,54.0,,,,4.41,0.0,0.0,0.0,0.0,3.00,54.00
menuItem,1300000000070704242,1300000000070704228,2ef55f99-9b94-49d5-80c3-4434ed77d2e4,Food,Appetizers,,Clams,,,Food,[],false,15.0,18.00,,270.0,7.06,0.0,36.0,262.94,,,,21.49,0.0,0.0,36.0,2.0,17.00,306.00
menuItem,1300000000070704236,1300000000070704228,53d12345-2a7f-45b9-831f-fd0b99401379,Food,Appetizers,,Fried Mozzerella,,,Food,[],false,95.0,14.00,,1330.0,9.85,0.0,42.0,1320.15,,,,108.43,0.0,0.0,42.0,3.0,98.00,1372.00
menuItem,1300000000070704232,1300000000070704228,0d58b5e8-b44e-452d-b320-34d54f217dfd,Food,Appetizers,,Garlic Bread,,,Food,[],false,124.0,11.02,,1366.0,29.0,0.0,11.0,1337.0,,,,110.61,0.0,0.0,11.0,1.0,125.00,1377.00
menuItem,1300000000070704244,1300000000070704228,0984528e-9538-4551-8365-cbe8883dc1eb,Food,Appetizers,,Meatball App,,,Food,[],false,63.0,8.00,,504.0,10.36,0.0,24.0,493.64,,,,40.72,0.0,0.0,24.0,3.0,66.00,528.00
menuItem,1300000000070704240,1300000000070704228,4f0c4793-8231-40f7-acb4-60145811a7ff,Food,Appetizers,,Mussles Appetizer,,,Food,[],false,35.0,18.00,,630.0,19.08,0.0,0.0,610.92,,,,49.89,0.0,0.0,0.0,0.0,35.00,630.00
menuItem,1300000000070704238,1300000000070704228,01a82b45-c19a-48fc-80c7-cee60e53ccad,Food,Appetizers,,Zucchini Patties APPETIZER,,,Food,[],false,26.0,9.00,,234.0,3.73,0.0,0.0,230.27,,,,18.93,0.0,0.0,0.0,0.0,26.00,234.00
menuItem,1300000003844422578,1300000000070704228,d6246177-4396-447d-aebd-691710225dd5,Food,Appetizers,,Setti Soup,,,Food,[],false,8.0,10.50,,84.0,0.0,0.0,10.5,84.0,,,,6.8,0.0,0.0,10.5,1.0,9.00,94.50
"",1300000000070704246,,2bc295ba-3e3e-4c35-a92b-d2d124ecb0f0,Food,Salad,,,,,,,,230.0,8.33,,1916.0,39.20,0.0,65.0,1876.80,,,,153.20,0.0,0.0,65.0,10.0,240.00,1981.00
menuItem,1300000000070704250,1300000000070704246,be544d1b-9537-4cc0-b434-2dfd651ada6f,Food,Salad,,Caesar LG,,,Food,[],false,11.0,8.41,,92.5,0.0,0.0,8.0,92.5,,,,7.61,0.0,0.0,8.0,1.0,12.00,100.50
menuItem,1300000000070704248,1300000000070704246,f12e23f6-c711-4182-8ec3-5587598100e2,Food,Salad,,Caesar SM,,,Food,[],false,45.0,6.12,,275.5,0.0,0.0,39.0,275.5,,,,22.14,0.0,0.0,39.0,6.0,51.00,314.50
menuItem,1300000000070704258,1300000000070704246,8d5d74fa-8f76-4fa0-a5e9-023a008cca16,Food,Salad,,Caprese,,,Food,[],false,44.0,12.00,,528.0,9.97,0.0,0.0,518.03,,,,42.67,0.0,0.0,0.0,0.0,44.00,528.00
menuItem,1300000000070704254,1300000000070704246,ce57b41f-6e70-4efa-949c-120b0f412eba,Food,Salad,,House LG,,,Food,[],false,15.0,8.00,,120.0,4.47,0.0,0.0,115.53,,,,9.52,0.0,0.0,0.0,0.0,15.00,120.00
menuItem,1300000000070704252,1300000000070704246,98e414fd-2d73-4b72-b713-3e646e2aafc8,Food,Salad,,House SM,,,Food,[],false,54.0,6.00,,324.0,13.47,0.0,18.0,310.53,,,,24.91,0.0,0.0,18.0,3.0,57.00,342.00
menuItem,1300000000070704260,1300000000070704246,61f8295c-9c70-4736-a99c-574e124b1eec,Food,Salad,,Tomato/Cucumber,,,Food,[],false,18.0,8.00,,144.0,0.0,0.0,0.0,144.0,,,,11.88,0.0,0.0,0.0,0.0,18.00,144.00
menuItem,1300000000070704256,1300000000070704246,e0d0b0ac-d5af-4aae-92e4-76b66f971ec2,Food,Salad,,Wedge,,,Food,[],false,43.0,10.05,,432.0,11.29,0.0,0.0,420.71,,,,34.47,0.0,0.0,0.0,0.0,43.00,432.00
"",1300000000070704262,,6da99895-37dd-41f6-bff8-2a1615eb0e8a,Food,Entree,,,,,,,,1363.5,22.50,,30678.26,636.15,0.0,525.75,30042.11,,,,2463.08,0.0,0.0,525.75,21.5,1385.00,31204.01
menuItem,1300000000070704286,1300000000070704262,af307fc4-7f10-41bc-b773-4bc70e2f65b8,Food,Entree,,Chicken Caesar Salad,,,Food,[],false,8.0,13.00,,104.0,0.0,0.0,0.0,104.0,,,,8.56,0.0,0.0,0.0,0.0,8.00,104.00
menuItem,1300000000070704284,1300000000070704262,691028e7-7d2e-4f28-bdd2-bfa3241f729b,Food,Entree,,Chicken Parm,,,Food,[],false,138.0,23.57,,3252.5,52.72,0.0,25.0,3199.78,,,,262.73,0.0,0.0,25.0,1.0,139.00,3277.50
menuItem,1300000000070704298,1300000000070704262,9b8c79c5-5729-4941-b74c-b4fc9d584c28,Food,Entree,,Clams Dinner,,,Food,[],false,6.0,24.33,,146.0,0.0,0.0,24.0,146.0,,,,12.03,0.0,0.0,24.0,1.0,7.00,170.00
menuItem,1300000000070704282,1300000000070704262,5cdb06e0-6056-4eb7-b888-d57cfab8e369,Food,Entree,,Eggplant Parm,,,Food,[],false,102.0,21.94,,2238.0,82.73,0.0,0.0,2155.27,,,,176.6,0.0,0.0,0.0,0.0,102.00,2238.00
menuItem,1300000000070704280,1300000000070704262,2d817458-6638-4e51-a505-327c1783ffcc,Food,Entree,,Lasagna,,,Food,[],false,220.0,21.10,,4642.5,134.44,0.0,42.0,4508.06,,,,369.17,0.0,0.0,42.0,2.0,222.00,4684.50
menuItem,1300000000070704296,1300000000070704262,72845763-15be-40fc-b93e-12572a07e349,Food,Entree,,Mussels Dinner,,,Food,[],false,22.0,23.18,,510.0,18.22,0.0,46.0,491.78,,,,40.39,0.0,0.0,46.0,2.0,24.00,556.00
menuItem,1300000000070704300,1300000000070704262,2a5a095a-ff55-4fcd-a194-1c2a7a41663e,Food,Entree,,Pangasius,,,Food,[],false,18.0,24.33,,438.0,0.0,0.0,0.0,438.0,,,,36.1,0.0,0.0,0.0,0.0,18.00,438.00
menuItem,1300000000070704268,1300000000070704262,acf87d38-4688-4cda-be06-4edcca970a6a,Food,Entree,,Pasta Alfredo,,,Food,[],false,152.0,23.74,,3609.0,71.68,0.0,203.0,3537.32,,,,289.3,0.0,0.0,203.0,8.0,160.00,3812.00
menuItem,1300000000070704270,1300000000070704262,1ae3e879-ac95-4ba7-a903-af40d00bc2ea,Food,Entree,,Pasta Carbonara,,,Food,[],false,172.5,25.23,,4351.76,64.21,0.0,68.25,4287.55,,,,351.39,0.0,0.0,68.25,2.5,175.00,4420.01
menuItem,1300000000070704272,1300000000070704262,ec3ac15c-2bb5-4367-b3e3-f9940726b8db,Food,Entree,,Pasta Pesto,,,Food,[],false,136.0,24.32,,3307.5,15.54,0.0,29.5,3291.96,,,,269.67,0.0,0.0,29.5,1.0,137.00,3337.00
menuItem,1300000000070704276,1300000000070704262,6e1e1a12-f4a0-4e9e-9026-51e0aae1e140,Food,Entree,,Primavera,,,Food,[],false,42.0,18.76,,788.0,23.21,0.0,26.0,764.79,,,,62.52,0.0,0.0,26.0,1.0,43.00,814.00
menuItem,1300000000070704278,1300000000070704262,f6b905ff-465c-40cb-be71-ec8b201e48dd,Food,Entree,,RED Primavera,,,Food,[],false,5.0,18.00,,90.0,0.0,0.0,0.0,90.0,,,,7.35,0.0,0.0,0.0,0.0,5.00,90.00
menuItem,1300000000070704294,1300000000070704262,31ff20f6-bf44-4ba3-9185-35036c3732d6,Food,Entree,,Scampi,,,Food,[],false,35.0,24.06,,842.0,13.11,0.0,0.0,828.89,,,,68.36,0.0,0.0,0.0,0.0,35.00,842.00
menuItem,1300000000070704292,1300000000070704262,13576378-6393-4f56-a88a-4bf3ceaf8150,Food,Entree,,Sorrentino,,,Food,[],false,27.0,24.56,,663.0,30.14,0.0,0.0,632.86,,,,52.1,0.0,0.0,0.0,0.0,27.00,663.00
menuItem,1300000000070704288,1300000000070704262,cb55d80d-3c69-4e12-af5a-f8ebe289021a,Food,Entree,,Spag Pie,,,Food,[],false,62.0,19.23,,1192.0,39.18,0.0,0.0,1152.82,,,,94.17,0.0,0.0,0.0,0.0,62.00,1192.00
menuItem,1300000000070704264,1300000000070704262,0f471da8-686f-42d8-a54f-bad7a5c56646,Food,Entree,,Spaghetti,,,Food,[],false,42.0,15.00,,630.0,0.0,0.0,14.0,630.0,,,,51.71,0.0,0.0,14.0,1.0,43.00,644.00
menuItem,1300000000070704266,1300000000070704262,2fc2cf4c-c17c-4cc5-b9dd-a0df336a35a0,Food,Entree,,Spaghetti & Meatballs,,,Food,[],false,75.0,20.35,,1526.0,31.57,0.0,0.0,1494.43,,,,122.56,0.0,0.0,0.0,0.0,75.00,1526.00
menuItem,1300000000070704274,1300000000070704262,e5952ef0-b957-4a3d-b3db-5e2ef48b4e13,Food,Entree,,White truffle Chicken,,,Food,[],false,85.0,24.47,,2080.0,41.13,0.0,48.0,2038.87,,,,167.95,0.0,0.0,48.0,2.0,87.00,2128.00
menuItem,1300000000070704290,1300000000070704262,2ed97fab-db04-4314-8765-1e877b84f491,Food,Entree,,Zucc Patty Pasta,,,Food,[],false,16.0,16.75,,268.0,18.27,0.0,0.0,249.73,,,,20.42,0.0,0.0,0.0,0.0,16.00,268.00
"",1300000000070704302,,6c07db05-ae4d-4273-883f-a2c89978ad3b,Food,Kids Meal,,,,,,,,49.0,8.32,,407.5,1.2,0.0,24.0,406.3,,,,33.48,0.0,0.0,24.0,3.0,52.00,431.50
menuItem,1300000000070704308,1300000000070704302,23531bc7-bae6-4c5a-843f-a7a783438298,Food,Kids Meal,,Cheese Pizza Bread,,,Food,[],false,2.0,8.00,,16.0,0.0,0.0,16.0,16.0,,,,1.32,0.0,0.0,16.0,2.0,4.00,32.00
menuItem,1300000000070704306,1300000000070704302,fb815adc-5060-4d5e-9954-ec111775314b,Food,Kids Meal,,Kids Fettucini,,,Food,[],false,12.0,8.46,,101.5,0.0,0.0,0.0,101.5,,,,8.35,0.0,0.0,0.0,0.0,12.00,101.50
menuItem,1300000000070704304,1300000000070704302,7b9220cc-35a1-45ad-8ec7-f35bb677535d,Food,Kids Meal,,Kids Spaghetti,,,Food,[],false,27.0,8.37,,226.0,1.2,0.0,8.0,224.8,,,,18.53,0.0,0.0,8.0,1.0,28.00,234.00
menuItem,1300000000070704310,1300000000070704302,b5abe076-0e91-4ce5-a989-ab87cfc18436,Food,Kids Meal,,Pepperoni Pizza Bread,,,Food,[],false,8.0,8.00,,64.0,0.0,0.0,0.0,64.0,,,,5.28,0.0,0.0,0.0,0.0,8.00,64.00
"",1300000000076475774,,57448c50-d54f-495d-ae2b-b5e189ab7163,Food,Desserts,,,,,,,,401.0,9.42,,3778.99,61.19,0.0,78.5,3717.80,,,,302.53,0.0,0.0,78.5,9.0,410.00,3857.49
menuItem,1300000000076477259,1300000000076475774,9002ee78-52a2-453c-bd9e-c62c42abc21c,Food,Desserts,,Cannoli,,,Food,[],false,150.0,8.50,,1274.99,28.14,0.0,42.5,1246.85,,,,101.19,0.0,0.0,42.5,5.0,155.00,1317.49
menuItem,1300000000076477261,1300000000076475774,1793226d-b797-46a7-a480-ad23e8b4b06a,Food,Desserts,,Lemon Cream Cake,,,Food,[],false,60.0,12.00,,720.0,4.8,0.0,0.0,715.2,,,,58.9,0.0,0.0,0.0,0.0,60.00,720.00
menuItem,1300000000076477265,1300000000076475774,ecbb765f-a3ff-47a0-a017-6b67b24c9781,Food,Desserts,,Mini Cannoli,,,Food,[],false,31.0,3.29,,101.99,0.0,0.0,0.0,101.99,,,,8.37,0.0,0.0,0.0,0.0,31.00,101.99
menuItem,1300000000076477263,1300000000076475774,403543ec-b792-4559-8684-6a19f3747f86,Food,Desserts,,Tiramisu,,,Food,[],false,93.0,12.50,,1162.51,26.95,0.0,12.5,1135.56,,,,91.95,0.0,0.0,12.5,1.0,94.00,1175.01
menuItem,1300000006174366637,1300000000076475774,3cf8e73c-b712-42e3-96e9-97f86e288104,Food,Desserts,,New York Cheese Cake,,,Food,[],false,42.0,8.50,,357.0,0.0,0.0,17.0,357.0,,,,28.98,0.0,0.0,17.0,2.0,44.00,374.00
menuItem,1300000006174366638,1300000000076475774,d06f4bce-887d-4b6d-8326-3090573ddcc8,Food,Desserts,,Chocolate Cake,,,Food,[],false,25.0,6.50,,162.5,1.3,0.0,6.5,161.2,,,,13.14,0.0,0.0,6.5,1.0,26.00,169.00
"",,,,Beer & Wine,,,,,,,,,433.0,12.88,,5575.0,121.56,0.0,193.0,5453.44,,,,447.71,0.0,0.0,193.0,16.0,449.00,5768.00
"",1300000000070704316,,3f8e3bad-ef26-456d-9e71-17b963333e1f,Beer & Wine,Beer,,,,,,,,122.0,6.39,,780.0,16.14,0.0,12.0,763.86,,,,61.97,0.0,0.0,12.0,2.0,124.00,792.00
menuItem,1300000000070704318,1300000000070704316,ae17cdc8-3133-401f-9fa9-d0effa7e168a,Beer & Wine,Beer,,Bottle Coors banquet,,,Wine,[],false,19.0,5.00,,95.0,0.0,0.0,5.0,95.0,,,,7.6,0.0,0.0,5.0,1.0,20.00,100.00
menuItem,1300000000070704320,1300000000070704316,798ba56d-5877-4e26-b747-0a247a8e6c16,Beer & Wine,Beer,,Bottle Coors Light,,,Wine,[],false,18.0,5.00,,90.0,0.0,0.0,0.0,90.0,,,,7.2,0.0,0.0,0.0,0.0,18.00,90.00
menuItem,1300000000070704328,1300000000070704316,44a73b4e-00fb-402a-ab60-ea8022897506,Beer & Wine,Beer,,Bottle Moretti,,,Wine,[],false,13.0,7.00,,91.0,5.08,0.0,0.0,85.92,,,,7.0,0.0,0.0,0.0,0.0,13.00,91.00
menuItem,1300000000070704332,1300000000070704316,e0bd13ae-ba0b-4ea8-9843-50791cf8ba85,Beer & Wine,Beer,,Bottle New Belg 1554,,,Wine,[],false,17.0,7.00,,119.0,1.27,0.0,0.0,117.73,,,,9.61,0.0,0.0,0.0,0.0,17.00,119.00
menuItem,1300000000070704326,1300000000070704316,c0f3ee00-1974-43b5-b98a-6e24579e4187,Beer & Wine,Beer,,Bottle Peroni,,,Wine,[],false,34.0,7.00,,238.0,2.97,0.0,0.0,235.03,,,,19.15,0.0,0.0,0.0,0.0,34.00,238.00
menuItem,1300000000070704324,1300000000070704316,52cae686-f463-425f-bb95-95e01a69cbc8,Beer & Wine,Beer,,Bottle Stella,,,Wine,[],false,21.0,7.00,,147.0,6.82,0.0,7.0,140.18,,,,11.41,0.0,0.0,7.0,1.0,22.00,154.00
"",1300000000070704356,,6d3d02c2-f714-4f2b-aed8-8ddfa87cda36,Beer & Wine,Red Bottle,,,,,,,,29.0,36.66,,1063.0,10.7,0.0,0.0,1052.3,,,,86.41,0.0,0.0,0.0,0.0,29.00,1063.00
menuItem,1300000000070704358,1300000000070704356,6721cfd4-26b2-47ba-8450-7bdab2681d67,Beer & Wine,Red Bottle,,BTL Al Verdi Sangiovese,,,Wine,[],false,3.0,31.00,,93.0,0.0,0.0,0.0,93.0,,,,7.62,0.0,0.0,0.0,0.0,3.00,93.00
menuItem,1300000000158670233,1300000000070704356,cca960c8-aee5-4174-8133-4917fd7d7b7b,Beer & Wine,Red Bottle,,BTL Auspicion Cabernet,,,Wine,[],false,4.0,37.00,,148.0,0.0,0.0,0.0,148.0,,,,12.16,0.0,0.0,0.0,0.0,4.00,148.00
menuItem,1300000000070704360,1300000000070704356,8242ce2a-be3f-4b65-b9f5-843aa99b34eb,Beer & Wine,Red Bottle,,BTL Calimoro Montepulciano,,,Wine,[],false,9.0,37.00,,333.0,3.7,0.0,0.0,329.3,,,,27.05,0.0,0.0,0.0,0.0,9.00,333.00
menuItem,1300000007867174967,1300000000070704356,37ccb8f5-3fdb-4829-8545-e13026f57574,Beer & Wine,Red Bottle,,Campobello Chianti,,,Wine,[],false,4.0,38.50,,154.0,7.0,0.0,0.0,147.0,,,,12.09,0.0,0.0,0.0,0.0,4.00,154.00
menuItem,1300000000070704366,1300000000070704356,cf548a2a-9416-49af-acb6-0a2b7538d76f,Beer & Wine,Red Bottle,,BTL Dogajolo Red,,,Wine,[],false,1.0,39.00,,39.0,0.0,0.0,0.0,39.0,,,,3.2,0.0,0.0,0.0,0.0,1.00,39.00
menuItem,1300000000070704362,1300000000070704356,abf9e93e-039b-4569-885e-ca32c696927c,Beer & Wine,Red Bottle,,BTL Due Torri Pinot Noir,,,Wine,[],false,3.0,36.00,,108.0,0.0,0.0,0.0,108.0,,,,8.85,0.0,0.0,0.0,0.0,3.00,108.00
menuItem,1300000000070704364,1300000000070704356,9df4e634-c4da-4d6c-908b-96b09bb79e06,Beer & Wine,Red Bottle,,BTL Opici Basket,,,Wine,[],false,4.0,37.00,,148.0,0.0,0.0,0.0,148.0,,,,12.16,0.0,0.0,0.0,0.0,4.00,148.00
menuItem,1300000000070704368,1300000000070704356,a59984f5-1a0d-48a3-b0d7-96fad41de3b4,Beer & Wine,Red Bottle,,BTL Valpolicella,,,Wine,[],false,1.0,40.00,,40.0,0.0,0.0,0.0,40.0,,,,3.28,0.0,0.0,0.0,0.0,1.00,40.00
"",1300000000070704334,,65ac09b0-6735-4342-87da-01dbc35150ac,Beer & Wine,Red Glass,,,,,,,,160.0,11.24,,1799.0,50.44,0.0,56.0,1748.56,,,,144.13,0.0,0.0,56.0,5.0,165.00,1855.00
menuItem,1300000000070704336,1300000000070704334,56942418-2bd4-4e8f-8ea0-1e99d468862d,Beer & Wine,Red Glass,,GLS Al Verdi Sangiovese,,,Wine,[],false,23.0,10.00,,230.0,4.1,0.0,20.0,225.9,,,,18.52,0.0,0.0,20.0,2.0,25.00,250.00
menuItem,1300000000070704354,1300000000070704334,333b2ada-e0ed-49a0-b83a-3b3cfef650d9,Beer & Wine,Red Glass,,GLS Auspicion Cab,,,Wine,[],false,30.0,12.00,,360.0,11.04,0.0,0.0,348.96,,,,28.75,0.0,0.0,0.0,0.0,30.00,360.00
menuItem,1300000000070704352,1300000000070704334,7ca0f6f4-b9a2-4d4f-b3fd-8647fdff5dea,Beer & Wine,Red Glass,,GLS Avia Merlot,,,Wine,[],false,10.0,10.00,,100.0,0.0,0.0,0.0,100.0,,,,8.18,0.0,0.0,0.0,0.0,10.00,100.00
menuItem,1300000000070704338,1300000000070704334,7c3eeb25-b534-4359-9c20-689bd8461be1,Beer & Wine,Red Glass,,GLS Calimoro Montepulciano,,,Wine,[],false,26.0,11.00,,286.0,27.76,0.0,0.0,258.24,,,,21.34,0.0,0.0,0.0,0.0,26.00,286.00
menuItem,1300000000070704344,1300000000070704334,aa961ebf-1e17-4d4e-9bc9-406a7a9ba2be,Beer & Wine,Red Glass,,GLS Dogajolo Red,,,Wine,[],false,6.0,12.00,,72.0,0.0,0.0,12.0,72.0,,,,5.94,0.0,0.0,12.0,1.0,7.00,84.00
menuItem,1300000000070704340,1300000000070704334,de8467df-3b93-4283-a598-ce8dd4cf784b,Beer & Wine,Red Glass,,GLS Due Torri Pinot Noir,,,Wine,[],false,16.0,11.00,,176.0,3.35,0.0,0.0,172.65,,,,14.27,0.0,0.0,0.0,0.0,16.00,176.00
menuItem,1300000000070704348,1300000000070704334,730904bb-625c-4201-a5cb-7caa2fcbaa67,Beer & Wine,Red Glass,,GLS Nero,,,Wine,[],false,4.0,11.00,,44.0,0.0,0.0,0.0,44.0,,,,3.65,0.0,0.0,0.0,0.0,4.00,44.00
menuItem,1300000000070704342,1300000000070704334,9df8294a-4cae-44a0-b896-e2473aabc1eb,Beer & Wine,Red Glass,,GLS Opici Basket,,,Wine,[],false,13.0,11.00,,143.0,0.0,0.0,11.0,143.0,,,,11.83,0.0,0.0,11.0,1.0,14.00,154.00
menuItem,1300000000070704350,1300000000070704334,4d0b9582-4b6f-4a2f-809a-2a944cabb7c2,Beer & Wine,Red Glass,,GLS Campobello Chianti,,,Wine,[],false,1.0,12.00,,12.0,0.0,0.0,0.0,12.0,,,,0.99,0.0,0.0,0.0,0.0,1.00,12.00
menuItem,1300000000070704350,1300000000070704334,4d0b9582-4b6f-4a2f-809a-2a944cabb7c2,Beer & Wine,Red Glass,,GLS San Vicenti Chianti,,,Wine,[],false,27.0,12.00,,324.0,4.19,0.0,0.0,319.81,,,,26.39,0.0,0.0,0.0,0.0,27.00,324.00
menuItem,1300000000070704346,1300000000070704334,20c1282c-f6e9-49e5-9e1f-06509e9d40aa,Beer & Wine,Red Glass,,GLS Valpolicella,,,Wine,[],false,4.0,13.00,,52.0,0.0,0.0,13.0,52.0,,,,4.27,0.0,0.0,13.0,1.0,5.00,65.00
"",1300000000070704386,,8d4bb422-0df8-48c3-9d7c-f7e961d54b88,Beer & Wine,Red Bottle Top Shelf,,,,,,,,6.0,61.00,,366.0,17.6,0.0,0.0,348.4,,,,28.56,0.0,0.0,0.0,0.0,6.00,366.00
menuItem,1300000000070704396,1300000000070704386,6381a07a-4687-4282-a2e7-6508f3b4113f,Beer & Wine,Red Bottle Top Shelf,,BTL Caesari Amarone,,,Wine,[],false,2.0,88.00,,176.0,17.6,0.0,0.0,158.4,,,,12.98,0.0,0.0,0.0,0.0,2.00,176.00
menuItem,1300000000070704392,1300000000070704386,d575970b-c7db-4e10-a7fb-78a8c8e53ccc,Beer & Wine,Red Bottle Top Shelf,,BTL Cesari Valpolicella Ripasso,,,Wine,[],false,2.0,58.00,,116.0,0.0,0.0,0.0,116.0,,,,9.5,0.0,0.0,0.0,0.0,2.00,116.00
menuItem,1300000000070704388,1300000000070704386,795d7e5c-d51b-4874-909e-3422394cdcab,Beer & Wine,Red Bottle Top Shelf,,BTL Luiano,,,Wine,[],false,2.0,37.00,,74.0,0.0,0.0,0.0,74.0,,,,6.08,0.0,0.0,0.0,0.0,2.00,74.00
"",1300000000070704414,,a5965ad5-8721-433e-b984-2fe7a64c8d21,Beer & Wine,Sparkling Bottle,,,,,,,,7.0,36.29,,254.0,0.0,0.0,38.0,254.0,,,,20.82,0.0,0.0,38.0,1.0,8.00,292.00
menuItem,1300000000070704420,1300000000070704414,d1f9b071-782b-435f-8e01-3ca4bbc833ec,Beer & Wine,Sparkling Bottle,,BTL Lambrusco,,,Wine,[],false,3.0,36.00,,108.0,0.0,0.0,0.0,108.0,,,,8.85,0.0,0.0,0.0,0.0,3.00,108.00
menuItem,1300000000070704418,1300000000070704414,eeaf84d9-9e9e-460b-a635-176d4e56704c,Beer & Wine,Sparkling Bottle,,BTL Moscato,,,Wine,[],false,3.0,36.00,,108.0,0.0,0.0,0.0,108.0,,,,8.85,0.0,0.0,0.0,0.0,3.00,108.00
menuItem,1300000000070704416,1300000000070704414,2f15c47f-7970-4267-9b8d-f63f54c7e05d,Beer & Wine,Sparkling Bottle,,BTL Prosecco,,,Wine,[],false,1.0,38.00,,38.0,0.0,0.0,38.0,38.0,,,,3.12,0.0,0.0,38.0,1.0,2.00,76.00
"",1300000000070704406,,4107670b-cf0a-4b7d-ba20-83790d168fc8,Beer & Wine,Sparkling Glass,,,,,,,,35.0,11.20,,392.0,3.35,0.0,77.0,388.65,,,,32.12,0.0,0.0,77.0,7.0,42.00,469.00
menuItem,1300000000070704412,1300000000070704406,4fb89b32-048d-4922-9ac4-4bcbb095ac5c,Beer & Wine,Sparkling Glass,,GLS Lambrusco,,,Wine,[],false,10.0,11.00,,110.0,0.0,0.0,44.0,110.0,,,,9.1,0.0,0.0,44.0,4.0,14.00,154.00
menuItem,1300000000070704410,1300000000070704406,ab2664b5-38db-421a-b571-427c12acff84,Beer & Wine,Sparkling Glass,,GLS Moscato,,,Wine,[],false,18.0,11.00,,198.0,3.35,0.0,33.0,194.65,,,,16.09,0.0,0.0,33.0,3.0,21.00,231.00
menuItem,1300000000070704408,1300000000070704406,543e251e-5652-4819-b1ce-dda557b2534a,Beer & Wine,Sparkling Glass,,GLS Prosecco,,,Wine,[],false,7.0,12.00,,84.0,0.0,0.0,0.0,84.0,,,,6.93,0.0,0.0,0.0,0.0,7.00,84.00
"",1300000000070704378,,1331fb07-0dbd-4a35-a8a0-488df5165474,Beer & Wine,White Bottle,,,,,,,,6.0,33.00,,198.0,0.0,0.0,0.0,198.0,,,,16.23,0.0,0.0,0.0,0.0,6.00,198.00
menuItem,1300000000070704380,1300000000070704378,8ba35a41-0417-4a37-9ef7-e32363bf54fa,Beer & Wine,White Bottle,,BTL Al Verdi Pinot Grigio,,,Wine,[],false,4.0,31.00,,124.0,0.0,0.0,0.0,124.0,,,,10.16,0.0,0.0,0.0,0.0,4.00,124.00
menuItem,1300000000070704382,1300000000070704378,90c04f8d-5dab-498e-bd40-5884a7368047,Beer & Wine,White Bottle,,BTL Chardonnay,,,Wine,[],false,1.0,36.00,,36.0,0.0,0.0,0.0,36.0,,,,2.95,0.0,0.0,0.0,0.0,1.00,36.00
menuItem,1300000000070704384,1300000000070704378,564743ab-9acc-477e-8074-e1127fff147c,Beer & Wine,White Bottle,,BTL Dogajolo White,,,Wine,[],false,1.0,38.00,,38.0,0.0,0.0,0.0,38.0,,,,3.12,0.0,0.0,0.0,0.0,1.00,38.00
"",1300000000070704370,,cf04fc97-d96d-406e-863e-bf0e0f3ffe46,Beer & Wine,White Glass,,,,,,,,68.0,10.63,,723.0,23.33,0.0,10.0,699.67,,,,57.47,0.0,0.0,10.0,1.0,69.00,733.00
menuItem,1300000000070704372,1300000000070704370,ddda6f63-808b-4993-b647-a36d00905dde,Beer & Wine,White Glass,,GLS Al Verdi Pinot Grigio,,,Wine,[],false,39.0,10.00,,390.0,11.33,0.0,10.0,378.67,,,,30.95,0.0,0.0,10.0,1.0,40.00,400.00
menuItem,1300000000070704374,1300000000070704370,c0b97d5b-87f6-4f40-bfea-92f6c95124b7,Beer & Wine,White Glass,,GLS Chardonnay,,,Wine,[],false,15.0,11.00,,165.0,0.0,0.0,0.0,165.0,,,,13.65,0.0,0.0,0.0,0.0,15.00,165.00
menuItem,1300000000070704376,1300000000070704370,11588e78-a1fb-4064-b944-31f14b525c5d,Beer & Wine,White Glass,,GLS Dogajolo White,,,Wine,[],false,14.0,12.00,,168.0,12.0,0.0,0.0,156.0,,,,12.87,0.0,0.0,0.0,0.0,14.00,168.00
"",,,,Drinks,,,,,,,,,533.0,9.36,,4987.01,37.10,0.0,145.68,4949.91,,,,405.15,0.0,0.0,145.68,16.0,549.00,5132.69
"",1300000000070742465,,13448d56-69c9-43ee-b45e-f3a39611ded9,Drinks,Liquor,,,,,,,,16.0,9.56,,153.0,0.0,0.0,54.0,153.0,,,,12.56,0.0,0.0,54.0,6.0,22.00,207.00
menuItem,1300000000070704424,1300000000070742465,a7d677b4-e681-4fbe-9f9d-df77bdc843d1,Drinks,Liquor,,Limoncello,,,Liquor,[],false,3.0,10.00,,30.0,0.0,0.0,10.0,30.0,,,,2.46,0.0,0.0,10.0,1.0,4.00,40.00
menuItem,1300000000070704426,1300000000070742465,1b6141aa-de72-4eaa-bbfd-6653acb9ab58,Drinks,Liquor,,Amaretto,,,Liquor,[],false,2.0,10.00,,20.0,0.0,0.0,10.0,20.0,,,,1.64,0.0,0.0,10.0,1.0,3.00,30.00
menuItem,1300000000070704430,1300000000070742465,d4d22fc3-3968-41d9-83eb-cc5a1401c104,Drinks,Liquor,,Mixed Drink,,,Liquor,[],false,3.0,8.00,,24.0,0.0,0.0,16.0,24.0,,,,1.98,0.0,0.0,16.0,2.0,5.00,40.00
menuItem,1300000000070704432,1300000000070742465,f9ba217a-5c90-454e-9c3a-4e4e195763da,Drinks,Liquor,,Premium Mixed,,,Liquor,[],false,6.0,10.00,,60.0,0.0,0.0,0.0,60.0,,,,4.92,0.0,0.0,0.0,0.0,6.00,60.00
menuItem,1300000000070704434,1300000000070742465,848340c8-1eb6-4fc7-923c-edffed84e711,Drinks,Liquor,,Double Mixed Drink,,,Liquor,[],false,1.0,12.00,,12.0,0.0,0.0,0.0,12.0,,,,0.99,0.0,0.0,0.0,0.0,1.00,12.00
menuItem,1300000000070704436,1300000000070742465,d2353031-b19a-4faf-907a-e041361e79f9,Drinks,Liquor,,"Bourbon ",,,Liquor,[],false,1.0,7.00,,7.0,0.0,0.0,7.0,7.0,,,,0.57,0.0,0.0,7.0,1.0,2.00,14.00
menuItem,1300000005225172005,1300000000070742465,22e4d54f-bedc-485c-b589-f400101a5bc5,Drinks,Liquor,,Coco di Vine,,,Liquor,[],false,0.0,0.00,,0.0,0.0,0.0,11.0,0.0,,,,0.0,0.0,0.0,11.0,1.0,1.00,11.00
"",1300000000070742466,,64b7b163-22d0-40ef-971d-fedf67c7ff7a,Drinks,House Cocktails,,,,,,,,237.0,14.69,,3481.0,22.65,0.0,82.0,3458.35,,,,283.67,0.0,0.0,82.0,7.0,244.00,3563.00
menuItem,1300000000070704448,1300000000070742466,b7f7877e-8807-42c7-919d-f548953fb017,Drinks,House Cocktails,,Cioccolato Martini,,,Liquor,[],false,11.0,13.00,,143.0,3.48,0.0,0.0,139.52,,,,11.49,0.0,0.0,0.0,0.0,11.00,143.00
menuItem,1300000000070704444,1300000000070742466,e68bd737-7f6c-4c01-a263-fd650bb2293f,Drinks,House Cocktails,,Dirty Martini,,,Liquor,[],false,18.0,13.00,,234.0,2.72,0.0,13.0,231.28,,,,19.04,0.0,0.0,13.0,1.0,19.00,247.00
menuItem,1300000000070704502,1300000000070742466,8ceceac0-3276-41bf-b512-9aed16b4cc96,Drinks,House Cocktails,,Kick in the Head,,,Liquor,[],false,8.0,10.00,,80.0,0.0,0.0,20.0,80.0,,,,6.56,0.0,0.0,20.0,2.0,10.00,100.00
menuItem,1300000000070704504,1300000000070742466,c56403b3-04ec-449c-a991-a177b6b4cee4,Drinks,House Cocktails,,Limoncello Martini,,,Liquor,[],false,48.0,13.00,,624.0,0.0,0.0,13.0,624.0,,,,51.36,0.0,0.0,13.0,1.0,49.00,637.00
menuItem,1300000000070704508,1300000000070742466,3c5c7430-0faa-465d-b787-45f0076b2077,Drinks,House Cocktails,,Newton Fash,,,Liquor,[],false,21.0,16.00,,336.0,0.0,0.0,0.0,336.0,,,,27.51,0.0,0.0,0.0,0.0,21.00,336.00
menuItem,1300000000070704500,1300000000070742466,9f6449a7-b8f5-468a-ad90-1cb0dd99eefd,Drinks,House Cocktails,,Staten Island,,,Liquor,[],false,17.0,12.00,,204.0,1.2,0.0,12.0,202.8,,,,16.72,0.0,0.0,12.0,1.0,18.00,216.00
menuItem,1300000000070704446,1300000000070742466,bc888c6b-2f9e-45cc-8fc8-514ba8589839,Drinks,House Cocktails,,Valium,,,Liquor,[],false,24.0,12.00,,288.0,9.68,0.0,24.0,278.32,,,,22.91,0.0,0.0,24.0,2.0,26.00,312.00
menuItem,1300000007862120744,1300000000070742466,9b22bd80-a7b4-4948-b010-af4a9e7ac465,Drinks,House Cocktails,,Quiet Professional,,,Liquor,[],false,57.0,17.54,,1000.0,5.57,0.0,0.0,994.43,,,,81.3,0.0,0.0,0.0,0.0,57.00,1000.00
menuItem,1300000008498361886,1300000000070742466,d31816cc-5f3e-45bb-8d70-ddcf1dbf7831,Drinks,House Cocktails,,Little Italy,,,Liquor,[],false,26.0,17.69,,460.0,0.0,0.0,0.0,460.0,,,,37.61,0.0,0.0,0.0,0.0,26.00,460.00
menuItem,1300000011242222419,1300000000070742466,6890980b-0cd4-4fb8-9727-cbcc68ae0941,Drinks,House Cocktails,,Roman Holiday,,,Liquor,[],false,7.0,16.00,,112.0,0.0,0.0,0.0,112.0,,,,9.17,0.0,0.0,0.0,0.0,7.00,112.00
"",1300000011526625636,,16aaa460-d492-4ccc-998c-db768d0099c3,Drinks,Featured Cocktails,,,,,,,,29.0,15.59,,452.0,0.0,0.0,0.0,452.0,,,,37.05,0.0,0.0,0.0,0.0,29.00,452.00
menuItem,1300000011526690463,1300000011526625636,7ada34f8-55b3-4972-8f18-4de265b66f38,Drinks,Featured Cocktails,,Quiet Professional,,,,[],false,4.0,17.00,,68.0,0.0,0.0,0.0,68.0,,,,5.56,0.0,0.0,0.0,0.0,4.00,68.00
menuItem,1300000011526690465,1300000011526625636,92e07bda-7441-43fc-9687-5af7cf437ab5,Drinks,Featured Cocktails,,Little Italy,,,,[],false,3.0,17.00,,51.0,0.0,0.0,0.0,51.0,,,,4.17,0.0,0.0,0.0,0.0,3.00,51.00
menuItem,1300000011526690467,1300000011526625636,,Drinks,Featured Cocktails,,Roman Holiday,,,,,false,3.0,16.00,,48.0,0.0,0,0,48.0,,,,3.93,0.0,0,0,0.0,3.00,48.00
menuItem,1300000011526690469,1300000011526625636,b9c6fcd9-5e9c-4807-8d62-8f1889ba995a,Drinks,Featured Cocktails,,Limoncello Spritz,,,,[],false,19.0,15.00,,285.0,0.0,0.0,0.0,285.0,,,,23.39,0.0,0.0,0.0,0.0,19.00,285.00
"",1300000000070742467,,f0c49204-22c7-4436-b46e-abfcc07af777,Drinks,NA Bev,,,,,,,,251.0,3.59,,901.01,14.45,0.0,9.68,886.56,,,,71.87,0.0,0.0,9.68,3.0,254.00,910.69
menuItem,1300000000070704514,1300000000070742467,87041e67-cb8d-438b-b6ad-5f3944b3f893,Drinks,NA Bev,,Coke,,,NA Beverage,[],false,73.0,3.59,,262.08,1.18,0.0,7.18,260.9,,,,21.1,0.0,0.0,7.18,2.0,75.00,269.26
menuItem,1300000002919683716,1300000000070742467,7b7ee5e9-06c7-427f-bf5c-888df9a2be66,Drinks,NA Bev,,Diet Coke,,,NA Beverage,[],false,42.0,3.59,,150.78,1.87,0.0,0.0,148.91,,,,12.03,0.0,0.0,0.0,0.0,42.00,150.78
menuItem,1300000000070704518,1300000000070742467,bd03a05f-4a7c-40dc-a31a-18e987635183,Drinks,NA Bev,,Dr Pepper,,,NA Beverage,[],false,50.0,3.59,,179.5,5.35,0.0,0.0,174.15,,,,14.07,0.0,0.0,0.0,0.0,50.00,179.50
menuItem,1300000000070704516,1300000000070742467,,Drinks,NA Bev,,Lemonade,,,NA Beverage,,false,5.0,3.59,,17.95,0.0,0,0,17.95,,,,1.45,0.0,0,0,0.0,5.00,17.95
menuItem,1300000000070704520,1300000000070742467,ef537245-2873-4910-b950-0481a16b9d9e,Drinks,NA Bev,,Sprite,,,NA Beverage,[],false,21.0,3.59,,75.4,0.0,0.0,0.0,75.4,,,,6.1,0.0,0.0,0.0,0.0,21.00,75.40
menuItem,1300000000070704522,1300000000070742467,96ad3e27-62b3-4f59-91f9-bc135c1b113b,Drinks,NA Bev,,Unsweet Tea,,,NA Beverage,[],false,17.0,3.59,,61.03,2.69,0.0,0.0,58.34,,,,4.72,0.0,0.0,0.0,0.0,17.00,61.03
menuItem,1300000000070704524,1300000000070742467,723d44b0-e741-439a-b940-6d0e9c130b27,Drinks,NA Bev,,Raspberry Tea,,,NA Beverage,[],false,10.0,3.59,,35.9,0.0,0.0,0.0,35.9,,,,2.9,0.0,0.0,0.0,0.0,10.00,35.90
menuItem,1300000000070704528,1300000000070742467,cb38c4c7-9487-41ca-abf3-596a62107dc1,Drinks,NA Bev,,Soda Water,,,NA Beverage,[],false,1.0,2.00,,2.0,0.0,0.0,0.0,2.0,,,,0.16,0.0,0.0,0.0,0.0,1.00,2.00
menuItem,1300000000070704526,1300000000070742467,,Drinks,NA Bev,,Italian Soda,,,NA Beverage,,false,1.0,3.99,,3.99,0.0,0,0,3.99,,,,0.33,0.0,0,0,0.0,1.00,3.99
menuItem,1300000000070704532,1300000000070742467,41434d34-a8b3-4004-82ec-0419dd2c33e9,Drinks,NA Bev,,Coffee,,,NA Beverage,[],false,17.0,3.50,,59.5,3.36,0.0,0.0,56.14,,,,4.65,0.0,0.0,0.0,0.0,17.00,59.50
menuItem,1300000000070704534,1300000000070742467,e4cfc876-b367-4536-abe9-27d7275bd67a,Drinks,NA Bev,,Hot Tea,,,NA Beverage,[],false,2.0,2.50,,5.0,0.0,0.0,2.5,5.0,,,,0.4,0.0,0.0,2.5,1.0,3.00,7.50
menuItem,1300000003325515093,1300000000070742467,570bc371-2a47-4014-8171-21e408790d22,Drinks,NA Bev,,Shirley Tmple,,,NA Beverage,[],false,12.0,3.99,,47.88,0.0,0.0,0.0,47.88,,,,3.96,0.0,0.0,0.0,0.0,12.00,47.88
"",,,,Daily Specials,,,,,,,,,8.0,16.19,,129.5,0.0,0.0,0.0,129.5,,,,10.63,0.0,0.0,0.0,0.0,8.00,129.50
"",1300000006515749023,,eebf4164-7627-4294-b517-89a61773152b,Daily Specials,Sunday AllUCanEatPasta,,,,,,,,8.0,16.19,,129.5,0.0,0.0,0.0,129.5,,,,10.63,0.0,0.0,0.0,0.0,8.00,129.50
menuItem,1300000006515423891,1300000006515749023,730f2874-2dec-4755-8200-db9a6e8137d1,Daily Specials,Sunday AllUCanEatPasta,,AllUCanEat Spaghetti meat sauce,,,Food,[],false,1.0,18.00,,18.0,0.0,0.0,0.0,18.0,,,,1.47,0.0,0.0,0.0,0.0,1.00,18.00
menuItem,1300000006515618944,1300000006515749023,90ac5e7a-da72-4937-aa4a-6a3a9b296fdc,Daily Specials,Sunday AllUCanEatPasta,,AllUCanEat Fettuccine Alfredo,,,Food,[],false,7.0,15.93,,111.5,0.0,0.0,0.0,111.5,,,,9.16,0.0,0.0,0.0,0.0,7.00,111.50
"",,,,Territory Days,,,,,,,,,252.0,7.10,,1789.0,0.0,0.0,114.0,1789.0,,,,147.47,0.0,0.0,114.0,13.0,265.00,1903.00
"",1300000011551861030,,d75ea6c8-8e69-4d9d-a2fc-d5e7fe902cd5,Territory Days,Supplies,,,,,,,,23.0,0.00,,0.0,0.0,0.0,0.0,0.0,,,,0.0,0.0,0.0,0.0,0.0,23.00,0.00
menuItem,1300000011551902862,1300000011551861030,f962a47e-d4f0-43e4-b42a-4c9e5076edf4,Territory Days,Supplies,,More bread,,,,[],false,9.0,0.00,,0.0,0.0,0.0,0.0,0.0,,,,0.0,0.0,0.0,0.0,0.0,9.00,0.00
menuItem,1300000011551902864,1300000011551861030,626efc29-e6a5-4f40-96b0-dcbeb9f0a76c,Territory Days,Supplies,,More cannoli,,,,[],false,8.0,0.00,,0.0,0.0,0.0,0.0,0.0,,,,0.0,0.0,0.0,0.0,0.0,8.00,0.00
menuItem,1300000011551902866,1300000011551861030,8f969c84-0d84-4532-a015-bc4a603f43c8,Territory Days,Supplies,,More sandwich meat,,,,[],false,6.0,0.00,,0.0,0.0,0.0,0.0,0.0,,,,0.0,0.0,0.0,0.0,0.0,6.00,0.00
"",1300000011551861032,,e64c79d5-f665-4bae-9323-885f482f4dd0,Territory Days,Food,,,,,,,,229.0,7.81,,1789.0,0.0,0.0,114.0,1789.0,,,,147.47,0.0,0.0,114.0,13.0,242.00,1903.00
menuItem,1300000011551958831,1300000011551861032,5e7bb447-e348-4947-b262-8e1d7980cf45,Territory Days,Food,,Italian Beef Sandwich,,,,[],false,75.0,12.00,,900.0,0.0,0.0,72.0,900.0,,,,74.25,0.0,0.0,72.0,6.0,81.00,972.00
menuItem,1300000011551958833,1300000011551861032,384f5eaa-4172-421b-a383-d863c5fed8a2,Territory Days,Food,,Italian Ice Pop,,,,[],false,49.0,1.00,,49.0,0.0,0.0,2.0,49.0,,,,3.92,0.0,0.0,2.0,2.0,51.00,51.00
menuItem,1300000011551958835,1300000011551861032,6dedf141-345f-4515-a6c4-50d7c434233b,Territory Days,Food,,Cannoli,,,,[],false,105.0,8.00,,840.0,0.0,0.0,40.0,840.0,,,,69.3,0.0,0.0,40.0,5.0,110.00,880.00
"",,,,Open items,,,,,,,,,16.0,108.62,,1737.95,0.0,0.0,0.0,1737.95,,,,54.72,0.0,0.0,0.0,0.0,16.00,1737.95
"",1300000000007356592,,,Open items,Open Drink,,,,,,,,4.0,37.25,,149.0,0.0,0.0,0.0,149.0,,,,12.21,0.0,0.0,0.0,0.0,4.00,149.00
openItem,,,079be069-6908-4985-a03c-49168c440b4e,Open items,Open Drink,,Carpineto,,,,[],false,2.0,62.00,,124.0,0.0,0.0,0.0,124.0,,,,10.16,0.0,0.0,0.0,0.0,2.00,124.00
openItem,,,079be069-6908-4985-a03c-49168c440b4e,Open items,Open Drink,,Shot,,,,[],false,1.0,8.00,,8.0,0.0,0.0,0.0,8.0,,,,0.66,0.0,0.0,0.0,0.0,1.00,8.00
openItem,,,079be069-6908-4985-a03c-49168c440b4e,Open items,Open Drink,,Spl Cocktail,,,,[],false,1.0,17.00,,17.0,0.0,0.0,0.0,17.0,,,,1.39,0.0,0.0,0.0,0.0,1.00,17.00
"",1300000000007356590,,,Open items,Open Food,,,,,,,,12.0,132.41,,1588.95,0.0,0.0,0.0,1588.95,,,,42.51,0.0,0.0,0.0,0.0,12.00,1588.95
openItem,,,68371612-1316-4c6c-82d6-6b69c5fde821,Open items,Open Food,,1\2  Bread Plate W Oil,,,,[],false,1.0,2.00,,2.0,0.0,0.0,0.0,2.0,,,,0.16,0.0,0.0,0.0,0.0,1.00,2.00
openItem,,,68371612-1316-4c6c-82d6-6b69c5fde821,Open items,Open Food,,Catering,,,,[],false,2.0,285.23,,570.45,0.0,0.0,0.0,570.45,,,,41.0,0.0,0.0,0.0,0.0,2.00,570.45
openItem,,,68371612-1316-4c6c-82d6-6b69c5fde821,Open items,Open Food,,Catering In House,,,,[],false,1.0,1000.00,,1000.0,0.0,0.0,0.0,1000.0,,,,0.0,0.0,0.0,0.0,0.0,1.00,1000.00
openItem,,,68371612-1316-4c6c-82d6-6b69c5fde821,Open items,Open Food,,Chicken Breast,,,,[],false,1.0,4.50,,4.5,0.0,0.0,0.0,4.5,,,,0.37,0.0,0.0,0.0,0.0,1.00,4.50
openItem,,,68371612-1316-4c6c-82d6-6b69c5fde821,Open items,Open Food,,Ex Carb,,,,[],false,1.0,3.00,,3.0,0.0,0.0,0.0,3.0,,,,0.25,0.0,0.0,0.0,0.0,1.00,3.00
openItem,,,68371612-1316-4c6c-82d6-6b69c5fde821,Open items,Open Food,,Gluten Free Pasta,,,,[],false,1.0,4.00,,4.0,0.0,0.0,0.0,4.0,,,,0.33,0.0,0.0,0.0,0.0,1.00,4.00
openItem,,,68371612-1316-4c6c-82d6-6b69c5fde821,Open items,Open Food,,Half Bread Plate,,,,[],false,1.0,2.50,,2.5,0.0,0.0,0.0,2.5,,,,0.2,0.0,0.0,0.0,0.0,1.00,2.50
openItem,,,,Open items,Open Food,,Half Bread Plate,,,,,false,1.0,2.50,,2.5,0.0,0,0,2.5,,,,0.2,0.0,0,0,0.0,1.00,2.50
openItem,,,68371612-1316-4c6c-82d6-6b69c5fde821,Open items,Open Food,,Red Saucd,,,,[],false,1.0,0.00,,0.0,0.0,0.0,0.0,0.0,,,,0.0,0.0,0.0,0.0,0.0,1.00,0.00
openItem,,,68371612-1316-4c6c-82d6-6b69c5fde821,Open items,Open Food,,Shellfish Allergy,,,,[],false,2.0,0.00,,0.0,0.0,0.0,0.0,0.0,,,,0.0,0.0,0.0,0.0,0.0,2.00,0.00
