Order #,Order Date,Amount,Tip,Gratuity,Total,Void User,Void Approver,Void Date,Type,Receipt
1,4/1/26 5:06 PM,72.02,12.00,0.00,84.02,,,,Credit,rpWhJmb7YHLYp
3,4/1/26 5:52 PM,61.66,15.34,0.00,77.00,,,,Credit,RRMdyMnpjPc7y
4,4/1/26 6:02 PM,76.28,15.00,0.00,91.28,,,,Credit,yywRKRjpfwgdm
6,4/1/26 6:46 PM,27.04,20.00,0.00,47.04,,,,Credit,bkbFCNrYMjHWb
7,4/1/26 6:47 PM,30.38,5.00,0.00,35.38,,,,Credit,LJHPKdngphqs9
7,4/1/26 6:47 PM,21.64,3.00,0.00,24.64,,,,Credit,zyMYnYkbmYmnX
8,4/1/26 7:09 PM,32.47,3.00,0.00,35.47,,,,Credit,XhknJTsdRTRgn
2,4/1/26 5:46 PM,68.73,13.00,0.00,81.73,,,,Credit,jHzRqsx7wfJkR
2,4/1/26 5:46 PM,68.73,14.00,0.00,82.73,,,,Credit,dLjpWcPJKsyz9
5,4/1/26 6:43 PM,150.42,30.00,0.00,180.42,,,,Credit,rYbHHFXPqNgMd
9,4/1/26 7:24 PM,90.91,0.00,0.00,90.91,,,,Cash,WWcxntzj7mnMq
1,4/2/26 6:18 PM,88.18,20.00,0.00,108.18,,,,Credit,rjmbYnhdnrnxn
2,4/2/26 6:53 PM,122.38,25.00,0.00,147.38,,,,Credit,CWPWKsT9JXNgW
1,4/3/26 5:03 PM,27.57,6.00,0.00,33.57,,,,Credit,YnYdgdbdzLxC9
2,4/3/26 5:13 PM,96.31,17.80,0.00,114.11,,,,Credit,FzkkCjP9Czjfw
5,4/3/26 5:31 PM,54.08,10.00,0.00,64.08,,,,Credit,7dzmHxMNmhJjR
5,4/3/26 5:31 PM,54.08,10.00,0.00,64.08,,,,Credit,M9kbhxygRPRKp
7,4/3/26 6:07 PM,59.49,11.00,0.00,70.49,,,,Credit,LgXnxwbNCzksh
3,4/3/26 5:18 PM,149.33,30.00,0.00,179.33,,,,Credit,FYrdRW9gdwfjM
6,4/3/26 6:06 PM,57.34,10.00,0.00,67.34,,,,Credit,pXJddhxTmy9wz
4,4/3/26 5:21 PM,137.42,0.00,0.00,137.42,,,,Credit,KJg9KnMprKxNh
8,4/3/26 6:12 PM,48.24,9.81,0.00,58.05,,,,Credit,sx9TjKthjKMfR
12,4/3/26 6:50 PM,76.26,14.10,0.00,90.36,,,,Credit,YKHhWnqMtwwRk
11,4/3/26 6:39 PM,128.75,15.00,0.00,143.75,,,,Credit,NXjxdrJRPtsgj
13,4/3/26 7:00 PM,50.84,14.16,0.00,65.00,,,,Credit,P7LFFpyLgrbbK
14,4/3/26 7:08 PM,98.47,20.00,0.00,118.47,,,,Credit,CxWNwdTkmFdWp
17,4/3/26 8:04 PM,13.51,0.00,0.00,13.51,,,,Credit,C9jXrKfcXbTcz
16,4/3/26 7:56 PM,49.23,10.00,0.00,59.23,,,,Credit,gccYNNzWxLkFc
18,4/3/26 8:19 PM,96.83,28.17,0.00,125.00,,,,Credit,KYHntyFMzfHFR
1,4/4/26 5:04 PM,68.48,12.00,0.00,80.48,,,,Credit,hx7C9hjmTmdTT
3,4/4/26 6:39 PM,63.31,12.00,0.00,75.31,,,,Credit,TLjLtk9YXfCpg
2,4/4/26 6:14 PM,104.42,10.00,0.00,114.42,,,,Credit,JbdJKdcctn9TT
4,4/4/26 6:43 PM,89.36,25.00,0.00,114.36,,,,Credit,XH7dMnFtzKwsF
5,4/4/26 6:57 PM,65.45,15.00,0.00,80.45,,,,Credit,FtfhkykNbR9rP
6,4/4/26 6:57 PM,307.12,76.10,56.78,440.00,,,,Credit,xdxyYmfPthXgf
7,4/4/26 7:24 PM,54.63,9.00,0.00,63.63,,,,Credit,kbWPgbCPygLYW
2,4/6/26 5:21 PM,103.30,19.10,0.00,122.40,,,,Credit,hpMpPsWRqpCFg
1,4/6/26 5:08 PM,421.69,100.00,86.62,608.31,,,,Credit,xCNpkmmtsppRf
3,4/6/26 5:39 PM,70.43,10.43,0.00,80.86,,,,Credit,YTqtFwKYKyWtb
4,4/6/26 7:04 PM,66.72,0.00,0.00,66.72,,,,Credit,LHTWpkjxTyNFL
4,4/6/26 7:04 PM,43.81,25.19,0.00,69.00,,,,Credit,FKtscTCzdPgjX
5,4/6/26 7:19 PM,58.97,16.00,0.00,74.97,,,,Credit,Rb9XXjKryCMp9
1,4/7/26 5:08 PM,56.27,0.00,0.00,56.27,,,,Credit,7MMq7YnHW7JMC
2,4/7/26 5:11 PM,61.10,12.00,0.00,73.10,,,,Credit,sf9ytkwtfwRmk
3,4/7/26 5:49 PM,84.39,25.61,0.00,110.00,,,,Credit,HFb7RxYkrfdFh
4,4/7/26 6:16 PM,34.63,7.00,0.00,41.63,,,,Credit,WWLPsm9yJhbnj
5,4/7/26 6:56 PM,103.87,11.13,0.00,115.00,,,,Credit,kpyqnhNKWc9W7
1,4/8/26 6:18 PM,24.89,3.00,0.00,27.89,,,,Credit,rXmkLjWWzxd7n
2,4/8/26 6:22 PM,115.44,0.00,0.00,115.44,,,,Cash,srCpNYwJwMYM7
3,4/8/26 7:55 PM,199.05,40.00,0.00,239.05,,,,Credit,n9xJrdFq7Jnzn
1,4/9/26 5:14 PM,108.21,30.00,0.00,138.21,,,,Credit,dqRPNqJxsCN9b
3,4/9/26 5:24 PM,86.59,20.00,0.00,106.59,,,,Credit,RLxtCydWrRkLf
4,4/9/26 6:05 PM,62.21,17.79,0.00,80.00,,,,Credit,yby77sCqhLxk9
2,4/9/26 5:19 PM,130.13,0.00,0.00,130.13,,,,Cash,jxmpYqgPLzYYt
5,4/9/26 6:20 PM,148.85,30.00,0.00,178.85,,,,Credit,kwnKkKNMXJKmC
6,4/9/26 6:25 PM,90.37,40.00,0.00,130.37,,,,Credit,ccftmgqtysNdt
8,4/9/26 7:15 PM,45.44,20.00,0.00,65.44,,,,Credit,fPdsgJMysgjhg
7,4/9/26 6:54 PM,49.41,10.00,0.00,59.41,,,,Credit,wKtRn9szFCfqs
7,4/9/26 6:54 PM,49.41,10.00,0.00,59.41,,,,Credit,KsygXWTdsYMtq
7,4/9/26 6:54 PM,49.41,10.00,0.00,59.41,,,,Credit,wXPwyqNyrMPsp
1,4/10/26 5:15 PM,69.86,12.92,0.00,82.78,,,,Credit,9gKpyJPjLRqr9
2,4/10/26 5:16 PM,47.59,15.00,0.00,62.59,,,,Credit,RygTc7WkJRwPn
3,4/10/26 5:22 PM,118.86,19.78,0.00,138.64,,,,Credit,F7rTsyPFyqrrj
4,4/10/26 5:57 PM,31.91,15.00,0.00,46.91,,,,Credit,YbksFkJF9dgLm
6,4/10/26 6:13 PM,82.77,17.23,0.00,100.00,,,,Credit,7szdkwjhw97hc
5,4/10/26 6:05 PM,102.02,21.00,0.00,123.02,,,,Credit,TpxznJpmjPNWJ
5,4/10/26 6:05 PM,106.97,20.00,0.00,126.97,,,,Credit,ztLTsdxrptfhX
8,4/10/26 6:34 PM,63.30,12.00,0.00,75.30,,,,Credit,fNLyFsNgPCcKT
7,4/10/26 6:23 PM,143.46,0.00,0.00,143.46,,,,Cash,bjRCwm9PwdR7r
9,4/10/26 6:38 PM,62.85,28.00,0.00,90.85,,,,Credit,gmjykRskMbWnh
10,4/10/26 6:52 PM,28.68,6.00,0.00,34.68,,,,Credit,wPgntPp7KjsKj
13,4/10/26 7:11 PM,44.36,10.00,0.00,54.36,,,,Credit,fYLTKNpgnH7Kh
12,4/10/26 7:09 PM,148.78,20.00,0.00,168.78,,,,Credit,7Wtm9MfdhRhWn
14,4/10/26 7:14 PM,140.64,28.00,0.00,168.64,,,,Credit,djHLkqmJXXYzh
17,4/10/26 7:23 PM,77.36,22.64,0.00,100.00,,,,Credit,pFPsKbNKFKxkc
16,4/10/26 7:20 PM,101.25,20.59,0.00,121.84,,,,Credit,MXNLMHkLrfrwY
15,4/10/26 7:15 PM,38.96,0.00,0.00,38.96,,,,Cash,KNcPtTXqhrXRc
18,4/10/26 7:33 PM,72.49,10.00,0.00,82.49,,,,Credit,ywTXLgnW97Hc7
21,4/10/26 8:20 PM,106.55,0.00,0.00,106.55,"RestaurantUser [id=1300000006726987017, user email = darin.t.lance@gmail.com]","RestaurantUser [id=1300000006726987017, user email = darin.t.lance@gmail.com]",4/10/2026 8:51 PM,Cash,zsyRbrRPqHXbJ
21,4/10/26 8:20 PM,100.00,0.00,0.00,100.00,,,,Cash,qtq7fT7spw9mm
21,4/10/26 8:20 PM,6.55,40.00,0.00,46.55,,,,Credit,c79RTTcXMgPFz
19,4/10/26 7:47 PM,91.44,25.00,0.00,116.44,,,,Credit,JCg799L7wsybz
20,4/10/26 7:52 PM,57.61,12.00,0.00,69.61,,,,Credit,mxKppjrndbjd9
20,4/10/26 7:52 PM,57.61,12.00,0.00,69.61,,,,Credit,fxTMmYxqkHLjn
1,4/11/26 5:05 PM,76.16,20.00,0.00,96.16,,,,Credit,HhhyzbHytsktj
7,4/11/26 5:42 PM,92.60,0.00,0.00,92.60,,,,Credit,jLCbJNHRqT7Xq
6,4/11/26 5:39 PM,34.63,10.00,0.00,44.63,,,,Credit,hCTRwcnNfjCrn
2,4/11/26 5:09 PM,103.52,20.00,0.00,123.52,,,,Credit,HqJbkwWFshCgK
3,4/11/26 5:15 PM,119.58,26.00,0.00,145.58,,,,Credit,C7LXPNrPHfhhL
2,4/11/26 5:09 PM,28.31,0.00,0.00,28.31,,,,Cash,wbLnYrXstyWgf
4,4/11/26 5:21 PM,65.46,15.00,0.00,80.46,,,,Credit,wwJjfMpcCXRdw
5,4/11/26 5:25 PM,96.85,0.00,0.00,96.85,,,,Credit,CgLrdmHdzPprM
8,4/11/26 5:50 PM,48.70,0.00,0.00,48.70,,,,Cash,jPPz7bwwLTPMf
9,4/11/26 5:53 PM,186.09,27.00,0.00,213.09,,,,Credit,mHhsXKbsr9zqx
13,4/11/26 6:27 PM,83.24,17.00,0.00,100.24,,,,Credit,LdxprRTsJdLbx
14,4/11/26 6:52 PM,61.14,10.00,0.00,71.14,,,,Credit,sNYPgLzhJPFPw
16,4/11/26 7:06 PM,95.76,20.00,0.00,115.76,,,,Credit,KWYhNzYctHHFq
18,4/11/26 7:15 PM,94.69,18.00,0.00,112.69,,,,Credit,qsyCYFdWwPWnK
15,4/11/26 7:02 PM,89.91,20.09,0.00,110.00,,,,Credit,t9nmtffL7tshJ
26,4/11/26 8:12 PM,37.06,9.50,0.00,46.56,,,,Credit,gtpjjkcsNCgdt
17,4/11/26 7:13 PM,189.35,30.65,0.00,220.00,,,,Credit,kCjJdxtgCWnwp
20,4/11/26 7:26 PM,125.23,25.00,0.00,150.23,,,,Credit,XXCKgydHnzXCj
26,4/11/26 8:12 PM,45.98,6.85,0.00,52.83,,,,Credit,hLwjbkRW7jxmp
19,4/11/26 7:23 PM,100.63,0.00,0.00,100.63,,,,Credit,Lc7gC9Fdjrpgq
23,4/11/26 7:43 PM,54.19,8.00,0.00,62.19,,,,Credit,7XxXKjfTnLmz9
22,4/11/26 7:39 PM,148.87,5.00,27.52,181.39,,,,Credit,yCw7ph9gYdqTq
25,4/11/26 8:09 PM,82.22,13.00,0.00,95.22,,,,Credit,bXfykmbNfppbK
27,4/11/26 8:25 PM,69.78,10.00,0.00,79.78,,,,Credit,mp7CyT7qkbkWF
24,4/11/26 8:06 PM,109.28,25.00,0.00,134.28,,,,Credit,F9pyKycjJWKRd
21,4/11/26 7:31 PM,78.96,0.00,0.00,78.96,,,,Cash,tCHxnrprkJx9s
1,4/12/26 5:20 PM,33.54,6.00,0.00,39.54,,,,Credit,PX7Hjzzfh9k7Y
2,4/12/26 5:54 PM,58.44,20.00,0.00,78.44,,,,Credit,t7wFJjqz7hjYf
3,4/12/26 6:00 PM,128.14,24.14,0.00,152.28,,,,Credit,JbJkmnNkkLjHN
7,4/12/26 6:51 PM,66.53,12.30,0.00,78.83,,,,Credit,KbtzWtwhcygxh
4,4/12/26 6:27 PM,117.49,11.74,0.00,129.23,,,,Credit,jdyMYjMTwJTd7
6,4/12/26 6:45 PM,103.32,22.00,0.00,125.32,,,,Credit,cmjPNPwKFgcwg
5,4/12/26 6:33 PM,71.96,18.00,0.00,89.96,,,,Credit,tJJmWRTzRywzp
8,4/12/26 7:01 PM,72.48,5.00,13.40,90.88,,,,Credit,XJfgYRdcYhrtf
8,4/12/26 7:01 PM,182.96,0.00,33.82,216.78,,,,Credit,gKfNrPHhCTfWd
10,4/12/26 8:16 PM,157.41,40.00,0.00,197.41,,,,Credit,JgPrWnwLFqfft
11,4/12/26 8:19 PM,124.43,24.80,0.00,149.23,,,,Credit,RjzHHFNkd9fxM
1,4/13/26 5:50 PM,59.52,0.00,0.00,59.52,,,,Credit,KYfcgdFtnTcC7
2,4/13/26 6:50 PM,96.85,20.00,0.00,116.85,,,,Credit,fqNhJhgcRzCsT
1,4/14/26 5:09 PM,56.81,10.50,0.00,67.31,,,,Credit,zdggdjFqsTsby
1,4/14/26 5:09 PM,62.21,11.50,0.00,73.71,,,,Credit,RMnTMFxsRfcJq
2,4/14/26 5:21 PM,34.63,7.00,0.00,41.63,,,,Credit,JHmCRFbyzrsgY
2,4/14/26 5:21 PM,47.62,10.00,0.00,57.62,,,,Credit,JkFLKdfrwgbKT
4,4/14/26 6:10 PM,117.41,25.00,0.00,142.41,,,,Credit,K9RpPdCTmzRRx
5,4/14/26 6:31 PM,28.14,10.00,0.00,38.14,,,,Credit,HsyYtYdznqbLd
7,4/14/26 7:04 PM,38.51,7.00,0.00,45.51,,,,Credit,tYsNpPymLwm7t
9,4/14/26 7:22 PM,48.70,11.30,0.00,60.00,,,,Credit,Lyw7shMWyqKNr
8,4/14/26 7:17 PM,100.06,0.00,0.00,100.06,,,,Credit,XkTJXpXyHmf9q
10,4/14/26 7:26 PM,69.25,0.00,0.00,69.25,,,,Credit,dzhykbYqN9htY
1,4/15/26 5:04 PM,174.72,30.00,0.00,204.72,,,,Credit,dYrfNXRJLPstC
2,4/15/26 5:34 PM,84.95,17.00,0.00,101.95,,,,Credit,xcKrLbxRjcFXp
3,4/15/26 5:56 PM,89.25,20.00,0.00,109.25,,,,Credit,MYFdHryRjRdKJ
6,4/15/26 6:19 PM,47.06,15.00,0.00,62.06,,,,Credit,bTWHnLmrtkFdH
4,4/15/26 6:00 PM,48.70,0.00,0.00,48.70,,,,Credit,RP7qpPhYqNHrd
5,4/15/26 6:16 PM,38.94,7.00,0.00,45.94,,,,Credit,YwKrLdJTMYrjm
5,4/15/26 6:16 PM,62.73,10.00,0.00,72.73,,,,Credit,9yW99LcfbbPb9
7,4/15/26 6:41 PM,70.00,14.00,0.00,84.00,,,,Credit,bNttwqxLYPJbJ
9,4/15/26 7:38 PM,38.46,8.00,0.00,46.46,,,,Credit,qtjbsbP7nC9gt
10,4/15/26 7:52 PM,66.27,20.00,0.00,86.27,,,,Credit,7rcnTYWnNKWqb
10,4/15/26 7:52 PM,66.27,20.00,0.00,86.27,,,,Credit,Tynjf9FzWhMNx
1,4/16/26 5:35 PM,72.49,15.00,0.00,87.49,,,,Credit,qmJwm7wKL9fFc
2,4/16/26 5:56 PM,62.22,12.00,0.00,74.22,,,,Credit,pWwHYxxRWbHtX
3,4/16/26 6:07 PM,49.77,10.00,0.00,59.77,,,,Credit,jHTtF9YqYgCrm
4,4/16/26 6:09 PM,56.26,20.00,0.00,76.26,,,,Credit,qnXpTFgLYxRqr
5,4/16/26 6:10 PM,45.43,25.00,0.00,70.43,,,,Credit,YzrPMsHJnzzxR
6,4/16/26 6:48 PM,22.72,1.00,4.20,27.92,,,,Credit,nTqqYrgskkRxC
6,4/16/26 6:48 PM,20.55,10.00,3.80,34.35,,,,Credit,xXKT9zbHzrhLh
6,4/16/26 6:48 PM,16.88,14.00,3.12,34.00,,,,Credit,qNzKRp9TsyMrL
6,4/16/26 6:48 PM,99.44,0.00,18.38,117.82,,,,Credit,WJggkKtLcNxb9
6,4/16/26 6:48 PM,48.14,7.00,8.90,64.04,,,,Credit,7fbpjqXgprscf
6,4/16/26 6:48 PM,22.72,0.00,4.20,26.92,,,,Credit,gcnnmWwsJzmNY
1,4/17/26 5:36 PM,5.00,5.00,0.00,10.00,,,,Credit,HFRMhCyNzrx9q
3,4/17/26 5:52 PM,42.20,8.00,0.00,50.20,,,,Credit,XYpcnMdjzYwhk
2,4/17/26 5:40 PM,125.75,0.00,0.00,125.75,,,,Cash,fbdMLzrgzzcFW
4,4/17/26 5:53 PM,82.24,24.76,0.00,107.00,,,,Credit,NJLhwcKcJfNft
6,4/17/26 6:17 PM,103.84,26.00,0.00,129.84,,,,Credit,LxjFPkrLHkzbF
5,4/17/26 6:11 PM,51.93,12.93,0.00,64.86,,,,Credit,NmMbYs9X7Tncj
8,4/17/26 7:18 PM,143.92,30.00,0.00,173.92,,,,Credit,PrqcwyyX7szHw
9,4/17/26 7:25 PM,188.36,40.00,0.00,228.36,,,,Credit,gTscJHfkWbcsp
11,4/17/26 7:37 PM,85.56,19.00,0.00,104.56,,,,Credit,wbqjjLMNjwsnz
10,4/17/26 7:32 PM,82.86,14.00,0.00,96.86,,,,Credit,PYHC9qfdCdnxs
12,4/17/26 8:28 PM,95.32,17.00,0.00,112.32,,,,Credit,x7bmJTKtCkKHr
1,4/17/26 5:36 PM,12.32,0.00,0.00,12.32,,,,Cash,TFMMWMb9bXgmF
4,4/18/26 5:13 PM,4.87,1.00,0.00,5.87,,,,Credit,PffCx7NRktqWr
3,4/18/26 5:11 PM,59.51,15.00,0.00,74.51,,,,Credit,d7RmHwcPrYCYx
1,4/18/26 5:06 PM,100.07,20.00,0.00,120.07,,,,Credit,ykgNPdMWMfTcF
2,4/18/26 5:08 PM,74.11,11.00,0.00,85.11,,,,Credit,RqwqyHyjnCkKT
5,4/18/26 5:15 PM,148.26,0.00,27.40,175.66,,,,Credit,P9rJW9xR9hrKY
7,4/18/26 6:03 PM,100.65,0.00,0.00,100.65,,,,Credit,JwMdXcyrRTPkk
6,4/18/26 5:46 PM,304.13,61.84,56.22,422.19,,,,Credit,NcszpnqfgJxqz
8,4/18/26 6:10 PM,150.43,5.00,27.80,183.23,,,,Credit,KPj9qRCnTPnnw
10,4/18/26 6:39 PM,117.41,15.00,0.00,132.41,,,,Credit,JwnHkRTXdg7h7
13,4/18/26 6:58 PM,68.89,0.00,0.00,68.89,,,,Cash,TmyygPmnhYwMH
11,4/18/26 6:50 PM,86.01,24.00,0.00,110.01,,,,Credit,CcxmxFJFrqFWT
12,4/18/26 6:52 PM,187.39,40.00,0.00,227.39,,,,Credit,77TgnJddFkgqs
9,4/18/26 6:34 PM,50.31,0.00,0.00,50.31,,,,Cash,ygLPypKmkRPzF
17,4/18/26 7:30 PM,89.81,20.00,0.00,109.81,,,,Credit,pFHfnWbdJy7Fj
16,4/18/26 7:29 PM,66.10,0.00,0.00,66.10,,,,Credit,RXRgc9LFjdLJN
18,4/18/26 7:32 PM,100.18,30.00,0.00,130.18,,,,Credit,fyCJ9rYjcg7zn
14,4/18/26 7:10 PM,121.79,22.21,0.00,144.00,,,,Credit,mpMfY9NfsfPYs
20,4/18/26 7:58 PM,90.41,14.59,0.00,105.00,,,,Credit,tpnhdzLgTddzL
19,4/18/26 7:52 PM,178.78,40.00,0.00,218.78,,,,Credit,Y9HkgLXTxhNRj
21,4/18/26 8:01 PM,85.50,15.00,0.00,100.50,,,,Credit,KWqwcqwRcCmt7
22,4/18/26 8:09 PM,109.06,30.00,0.00,139.06,,,,Credit,kmmcsKNYzTnKX
1,4/19/26 5:43 PM,67.16,13.66,0.00,80.82,,,,Credit,frYhMbFCfyWK7
2,4/19/26 6:07 PM,65.48,12.00,0.00,77.48,,,,Credit,zLpTxzfhMHPqn
3,4/19/26 7:10 PM,73.91,14.00,0.00,87.91,,,,Credit,kgJfCY77dK7Tf
4,4/19/26 7:15 PM,23.35,6.65,0.00,30.00,,,,Credit,YngrkRgPxMgjm
4,4/19/26 7:15 PM,50.93,10.00,0.00,60.93,,,,Credit,kkqdRFtPKmpFn
4,4/19/26 7:15 PM,29.08,7.00,0.00,36.08,,,,Credit,dY9mn79xhtcsk
5,4/19/26 7:29 PM,36.01,7.00,0.00,43.01,,,,Credit,9c7xPXJYJXwkH
3,4/20/26 5:33 PM,27.02,3.00,0.00,30.02,,,,Credit,CxJFnLWTHjyYk
1,4/20/26 5:08 PM,195.23,20.00,0.00,215.23,,,,Credit,wCRmdfCzmYKMP
2,4/20/26 5:17 PM,80.63,20.00,0.00,100.63,,,,Credit,hpmbhryCzgk9f
2,4/20/26 5:17 PM,62.23,13.00,0.00,75.23,,,,Credit,YnXP77syynymz
6,4/20/26 6:40 PM,92.48,0.00,0.00,92.48,,,,Credit,X7ncNjFCynHtF
6,4/20/26 6:40 PM,92.48,10.00,0.00,102.48,,,,Credit,Kt7yFzTL9FHRq
5,4/20/26 6:29 PM,75.75,14.00,0.00,89.75,,,,Credit,wXcrsmLbhWqCN
8,4/20/26 6:52 PM,87.66,18.00,0.00,105.66,,,,Credit,CNjsfRkkjYqLd
7,4/20/26 6:41 PM,35.71,0.00,0.00,35.71,,,,Cash,WHjrxWbrCLtty
1,4/21/26 5:55 PM,90.35,25.00,0.00,115.35,,,,Credit,rmbjdFmrqbNqN
2,4/21/26 6:19 PM,74.73,15.00,0.00,89.73,,,,Credit,ptP9HFqntdHq9
1,4/22/26 5:37 PM,213.49,38.00,39.47,290.96,,,,Credit,gqytmWTXxYzc7
2,4/22/26 5:39 PM,51.41,0.00,0.00,51.41,,,,Credit,9bfKYsdwWWFgm
2,4/22/26 5:39 PM,6.47,10.00,0.00,16.47,,,,Credit,TyHcTj79tzwPY
3,4/22/26 5:54 PM,55.89,10.11,0.00,66.00,,,,Credit,Yqmn7kPNXPM7p
5,4/22/26 6:27 PM,37.07,8.00,0.00,45.07,,,,Credit,CYrMnYjndHggX
4,4/22/26 6:21 PM,311.04,0.00,57.50,368.54,,,,Credit,nhMcgbypsWLKy
7,4/22/26 7:10 PM,107.64,22.00,0.00,129.64,,,,Credit,nfqFfTsPcLwCN
9,4/22/26 7:14 PM,86.00,17.00,0.00,103.00,,,,Credit,NjRJKKczf7fTm
8,4/22/26 7:12 PM,102.24,0.00,0.00,102.24,,,,Credit,fcftxwmsdmrJY
8,4/22/26 7:12 PM,44.37,7.00,0.00,51.37,,,,Credit,dCJgHCYdxmqHP
10,4/22/26 7:22 PM,82.78,18.00,0.00,100.78,,,,Credit,kwNWMXTXgmFpL
2,4/23/26 6:12 PM,90.35,12.53,0.00,102.88,,,,Credit,KgrLKJsjWk7Jq
1,4/23/26 6:11 PM,37.89,3.71,0.00,41.60,,,,Credit,HhYKkN9LHkHXn
1,4/23/26 6:11 PM,51.40,5.00,0.00,56.40,,,,Credit,zMLmqpCLhThWX
2,4/23/26 6:12 PM,90.35,12.53,0.00,102.88,,,,Credit,XTLCWpfzTPrdz
3,4/23/26 6:43 PM,111.98,21.00,0.00,132.98,,,,Credit,JxCHTRLqJthxK
2,4/24/26 6:00 PM,81.16,10.00,0.00,91.16,,,,Credit,RkcRTchxy9jzP
1,4/24/26 5:44 PM,79.54,16.00,0.00,95.54,,,,Credit,hcgykMWxhK7tz
3,4/24/26 6:07 PM,76.28,15.00,0.00,91.28,,,,Credit,CHMpKfykHLHqH
5,4/24/26 6:21 PM,83.87,13.00,0.00,96.87,,,,Credit,LpkhzWdkrmtzw
4,4/24/26 6:18 PM,67.08,0.00,12.40,79.48,,,,Credit,jsK9jWtccf7Pp
4,4/24/26 6:18 PM,63.31,0.00,11.70,75.01,,,,Credit,RLsgcKTtNzbcj
4,4/24/26 6:18 PM,33.54,0.00,6.20,39.74,,,,Credit,sWtCfXwLYJHyq
6,4/24/26 6:36 PM,96.86,23.14,0.00,120.00,,,,Credit,Mtf9NxmmLqMLH
8,4/24/26 6:51 PM,77.91,14.40,0.00,92.31,,,,Credit,ycJnhtMjxhcLf
9,4/24/26 6:51 PM,96.96,19.39,0.00,116.35,,,,Credit,spPhg9WrsCWgr
11,4/24/26 6:55 PM,62.75,10.00,0.00,72.75,,,,Credit,cRtLwjNzhLmmc
13,4/24/26 7:07 PM,29.30,7.00,0.00,36.30,,,,Credit,7jPwfbcWzTnLX
13,4/24/26 7:07 PM,29.31,6.00,0.00,35.31,,,,Credit,cC7gcwtbCRbyb
10,4/24/26 6:54 PM,115.24,25.00,0.00,140.24,,,,Credit,9LbhnMcrhwMLd
12,4/24/26 7:01 PM,77.91,16.00,0.00,93.91,,,,Credit,dTznRxpNWCjmj
16,4/24/26 7:16 PM,54.92,11.00,0.00,65.92,,,,Credit,PzMMgXPpYzhMz
16,4/24/26 7:16 PM,54.92,0.00,0.00,54.92,,,,Credit,hkhgN7CYKgXRJ
18,4/24/26 7:33 PM,117.94,24.00,0.00,141.94,,,,Credit,XgYLKmLYWJzpx
17,4/24/26 7:33 PM,276.98,65.00,51.20,393.18,,,,Credit,FmLdMNRYMbpdj
20,4/24/26 8:25 PM,68.17,10.00,0.00,78.17,,,,Credit,YpyHjRdmPsrTT
21,4/24/26 8:33 PM,101.25,0.00,0.00,101.25,"RestaurantUser [id=1300000001079863856, user email = 42c2c45d-b6f4-462b-b562-8ca9e5317a82@example.com]","RestaurantUser [id=1300000001079863856, user email = 42c2c45d-b6f4-462b-b562-8ca9e5317a82@example.com]",4/24/2026 9:18 PM,Credit,jRNTWtgfrbwss
21,4/24/26 8:33 PM,78.55,16.00,0.00,94.55,,,,Credit,PbYdrPH9Kzsqb
22,4/24/26 9:10 PM,0.05,0.00,0.00,0.05,,,,Credit,ywNRrW9MzTHKX
22,4/24/26 9:10 PM,123.83,25.12,0.00,148.95,,,,Credit,TcNztkKwLtxYs
1,4/25/26 5:06 PM,112.06,22.00,0.00,134.06,,,,Credit,m779skbk7NwYF
2,4/25/26 5:09 PM,37.31,9.00,0.00,46.31,,,,Credit,JmwfMbmWP9zth
4,4/25/26 5:15 PM,74.12,15.00,0.00,89.12,,,,Credit,ffHCggHbLNcxg
3,4/25/26 5:11 PM,128.21,26.79,0.00,155.00,,,,Credit,KwLYkFdJm7PJg
5,4/25/26 5:32 PM,117.47,25.00,0.00,142.47,,,,Credit,HNqzHMPzFsdq7
6,4/25/26 6:32 PM,150.60,30.00,0.00,180.60,,,,Credit,nYkMbxdfgkqPb
8,4/25/26 6:49 PM,78.98,0.00,0.00,78.98,,,,Credit,Cryr7FKFCbNFx
7,4/25/26 6:42 PM,102.25,20.00,0.00,122.25,,,,Credit,MRMRcjrPHzRRj
9,4/25/26 7:06 PM,49.66,11.00,0.00,60.66,,,,Credit,MrgYybsWty9ww
11,4/25/26 7:18 PM,71.41,8.59,0.00,80.00,,,,Credit,qc7kpbJqggKqX
10,4/25/26 7:12 PM,70.49,14.00,0.00,84.49,,,,Credit,YnpXRnxhJbFKP
10,4/25/26 7:12 PM,70.87,14.00,0.00,84.87,,,,Credit,ztRqTwFzXJ9Jw
1,4/26/26 5:06 PM,304.63,0.00,56.32,360.95,,,,Credit,WK7KwCwWrjY9W
3,4/26/26 5:56 PM,101.36,18.74,0.00,120.10,,,,Credit,bWpNkyKPNcHYN
4,4/26/26 5:58 PM,27.05,3.00,0.00,30.05,,,,Credit,nMkzKKc7CtdxM
4,4/26/26 5:58 PM,40.03,10.00,0.00,50.03,,,,Credit,fmhpNnmxR7mbm
2,4/26/26 5:43 PM,149.80,23.00,0.00,172.80,,,,Credit,pbbgYdYrdrMzX
5,4/26/26 6:24 PM,129.28,20.00,0.00,149.28,,,,Credit,kLdHtKHCpW7MH
6,4/26/26 6:34 PM,30.29,4.50,0.00,34.79,,,,Credit,Ldc9YjFLmzzJX
6,4/26/26 6:34 PM,47.60,7.50,0.00,55.10,,,,Credit,NhHyspCCcHRRp
8,4/26/26 7:10 PM,154.89,30.00,0.00,184.89,,,,Credit,hJ9wy7FWyzWrY
10,4/26/26 8:08 PM,67.71,15.00,0.00,82.71,,,,Credit,MmHYqzsqkrqRL
2,4/27/26 5:28 PM,34.63,7.00,0.00,41.63,,,,Credit,FpnMLmfTHK9pk
1,4/27/26 5:15 PM,87.13,16.00,0.00,103.13,,,,Credit,ntNCCCxJwtxc7
3,4/27/26 5:48 PM,158.84,0.00,0.00,158.84,,,,Cash,CnhNtbNsxhRkP
1,4/28/26 4:41 PM,40.57,4.00,0.00,44.57,,,,Credit,7KTjkmqNzcY9T
2,4/28/26 5:38 PM,94.68,0.00,0.00,94.68,,,,Credit,kxJwYKNcNnqMb
3,4/28/26 5:42 PM,74.13,20.00,0.00,94.13,,,,Credit,KPNWjybkdTgWL
6,4/28/26 6:34 PM,96.85,20.00,0.00,116.85,,,,Credit,PHxnrrkysLttc
5,4/28/26 6:30 PM,62.75,13.00,0.00,75.75,,,,Credit,nFtkNW7bbLm9r
4,4/28/26 6:24 PM,168.27,25.20,0.00,193.47,,,,Credit,yCFjxRzPnHX7m
7,4/28/26 6:40 PM,97.92,15.00,0.00,112.92,,,,Credit,n9RwY9hCdXxdX
1,4/29/26 5:19 PM,37.87,4.00,0.00,41.87,,,,Credit,kxNdrdbXjTYdW
3,4/29/26 5:40 PM,105.50,20.00,0.00,125.50,,,,Credit,z7xtdmJtXHcxW
2,4/29/26 5:29 PM,118.48,20.00,0.00,138.48,,,,Credit,YXpWqtxdncXjq
5,4/29/26 6:00 PM,64.37,13.00,0.00,77.37,,,,Credit,wwRWnptHpJFMj
4,4/29/26 5:49 PM,108.42,20.58,0.00,129.00,,,,Credit,wcHjdLRtmHCcp
4,4/29/26 5:49 PM,108.42,20.00,0.00,128.42,,,,Credit,csnhzhLxhJdJm
6,4/29/26 6:05 PM,56.26,0.00,10.40,66.66,,,,Credit,psYknC7XLmwfn
6,4/29/26 6:05 PM,135.91,0.00,25.12,161.03,,,,Credit,yfwFhKNxYCmcn
8,4/29/26 6:44 PM,75.21,15.00,0.00,90.21,,,,Credit,97xsmjTTqCsT7
7,4/29/26 6:43 PM,88.19,22.00,0.00,110.19,,,,Credit,FyFXrjxgCCsdK
3,4/30/26 6:51 PM,81.42,0.00,0.00,81.42,,,,Credit,syRfL9jPrdFzJ
3,4/30/26 6:51 PM,81.42,0.00,0.00,81.42,,,,Credit,mjCzpdhzdfMnm
3,4/30/26 6:51 PM,81.42,0.00,0.00,81.42,,,,Credit,HdYxgWMYgKKHL
2,4/30/26 6:43 PM,36.78,13.22,0.00,50.00,,,,Credit,MkMPTrJT9RFw7
3,4/30/26 6:51 PM,81.42,0.00,0.00,81.42,,,,Credit,ybfKdMcTmLFWF
3,4/30/26 6:51 PM,81.42,16.00,0.00,97.42,,,,Credit,r9bFgHqXCsbxY
1,4/30/26 6:38 PM,156.91,35.00,0.00,191.91,,,,Credit,79jcHcgjtcNkm
1,5/1/26 5:08 PM,67.09,9.00,0.00,76.09,,,,Credit,fdxNqFbs7pkn9
2,5/1/26 5:08 PM,74.65,15.00,0.00,89.65,,,,Credit,zYcHKpsnbrmMT
2,5/1/26 5:08 PM,74.65,0.00,0.00,74.65,,,,Credit,LdgFchMmTMyyp
3,5/1/26 5:22 PM,110.90,22.18,0.00,133.08,,,,Credit,TrXdMfwXdhKmN
4,5/1/26 5:46 PM,23.27,10.23,0.00,33.50,,,,Credit,gFLkfYRqJ7cmF
5,5/1/26 5:53 PM,39.93,9.07,0.00,49.00,,,,Credit,9bHnJYbsh9sbM
6,5/1/26 5:54 PM,54.53,11.53,0.00,66.06,,,,Credit,zpKgnCsCgPMkY
7,5/1/26 6:11 PM,62.20,0.00,0.00,62.20,,,,Credit,xqhzLjjkN7nLY
8,5/1/26 6:22 PM,50.43,18.00,0.00,68.43,,,,Credit,KfNzmx7qC9qgX
10,5/1/26 6:37 PM,41.67,8.00,0.00,49.67,,,,Credit,qXgHpXmrnhgXd
12,5/1/26 7:17 PM,75.19,17.00,0.00,92.19,,,,Credit,LTFc9NMrr9PYw
11,5/1/26 7:07 PM,67.08,14.00,0.00,81.08,,,,Credit,zmTCfJhHWbpCX
14,5/1/26 7:26 PM,24.62,0.00,0.00,24.62,,,,Credit,z7JR9xJh9FrfY
14,5/1/26 7:26 PM,24.61,0.00,0.00,24.61,,,,Credit,bKxrPgyLsTWk7
14,5/1/26 7:26 PM,24.61,0.00,0.00,24.61,,,,Credit,YmdgYsynRtwbF
14,5/1/26 7:26 PM,24.61,0.00,0.00,24.61,,,,Credit,sXJJXqyfRTCXr
14,5/1/26 7:26 PM,24.61,0.00,0.00,24.61,,,,Credit,zXP9wqKwM7gzg
13,5/1/26 7:26 PM,98.43,21.57,0.00,120.00,,,,Credit,phcYKmmgWjtn9
9,5/1/26 6:29 PM,94.45,24.00,0.00,118.45,,,,Credit,9tMXyCsywsKqC
15,5/1/26 7:53 PM,64.37,13.00,0.00,77.37,,,,Credit,Mt9WdyMfrgHbN
17,5/1/26 8:20 PM,45.99,6.00,0.00,51.99,,,,Credit,PLPjsrrqptTWn
16,5/1/26 8:05 PM,142.83,28.00,0.00,170.83,,,,Credit,WXyzdmNdgwRwp
3,5/2/26 6:02 PM,13.51,2.00,0.00,15.51,,,,Credit,gjTNmqfshbCtC
1,5/2/26 5:40 PM,40.04,8.00,0.00,48.04,,,,Credit,qnKLW9H9RLwYk
1,5/2/26 5:40 PM,115.23,30.00,0.00,145.23,,,,Credit,jwKX9zgszhL7c
4,5/2/26 6:03 PM,80.79,20.00,0.00,100.79,,,,Credit,RmbCHddHjsjfJ
2,5/2/26 5:55 PM,136.34,22.00,0.00,158.34,,,,Credit,bXknh7sMLPgyP
5,5/2/26 6:10 PM,77.37,8.00,0.00,85.37,,,,Credit,YxqfWbP9yCs7X
6,5/2/26 6:18 PM,78.45,10.88,0.00,89.33,,,,Credit,kpptqHLwLjnxw
7,5/2/26 6:29 PM,55.72,9.00,0.00,64.72,,,,Credit,fXzFsT9zsYL9p
10,5/2/26 6:42 PM,49.22,0.00,0.00,49.22,,,,Credit,shPbY9bdYTMTM
8,5/2/26 6:29 PM,70.34,5.28,0.00,75.62,,,,Credit,gyfKpCwRph9pg
11,5/2/26 6:50 PM,91.98,18.00,0.00,109.98,,,,Credit,RNzknRY9bzjwh
13,5/2/26 6:56 PM,111.98,23.02,0.00,135.00,,,,Credit,gLcPWbgYjpkLr
12,5/2/26 6:53 PM,29.21,0.00,0.00,29.21,,,,Cash,tHrFgxhqYhMRH
14,5/2/26 7:09 PM,41.91,8.00,0.00,49.91,,,,Credit,gskwpPYzJFTdm
14,5/2/26 7:09 PM,41.91,10.00,0.00,51.91,,,,Credit,TjmcPFfFTdbYb
15,5/2/26 7:21 PM,113.61,20.00,0.00,133.61,,,,Credit,CzJYNhPPCm7WF
1,5/3/26 5:09 PM,84.97,20.00,0.00,104.97,,,,Credit,xRbjfXqJPMKfJ
2,5/3/26 5:24 PM,33.55,0.00,0.00,33.55,,,,Credit,tncmwqNWhYbRm
3,5/3/26 5:31 PM,55.70,0.00,10.30,66.00,,,,Credit,qH7xJPcrMCWpq
3,5/3/26 5:31 PM,58.44,0.00,10.80,69.24,,,,Credit,MPHLqzdsKgb7x
3,5/3/26 5:31 PM,46.53,0.00,8.60,55.13,,,,Credit,YXnXxXPkCpJnr
4,5/3/26 5:53 PM,49.22,10.00,0.00,59.22,,,,Credit,7mbnsKgndpWqM
2,5/3/26 5:24 PM,11.36,0.00,0.00,11.36,,,,Credit,xgbxqrzLFsbzy
7,5/3/26 6:23 PM,22.15,5.00,0.00,27.15,,,,Credit,WwcmRhxNJgtyr
10,5/3/26 7:01 PM,18.38,10.00,0.00,28.38,,,,Credit,zNYHrbz9hYmjq
8,5/3/26 6:24 PM,82.97,10.00,0.00,92.97,,,,Credit,KqYRfjjHcpCgY
11,5/3/26 7:47 PM,149.29,23.00,0.00,172.29,,,,Credit,bm9cpdthXnRqj
2,5/4/26 5:33 PM,27.59,5.00,0.00,32.59,,,,Credit,LLNxKnF7KgnXy
1,5/4/26 5:06 PM,35.71,0.00,0.00,35.71,,,,Cash,PMPqNNzqPP9kM
4,5/4/26 6:48 PM,54.10,10.00,0.00,64.10,,,,Credit,9hRWhWbRNzfMh
3,5/4/26 6:30 PM,102.26,21.00,0.00,123.26,,,,Credit,HjjknrpmHNNLR
5,5/4/26 7:07 PM,71.40,14.00,0.00,85.40,,,,Credit,cjdgCdFJWmJmJ
7,5/4/26 7:31 PM,23.90,5.00,0.00,28.90,,,,Credit,yWN9pj7YbxcXn
6,5/4/26 7:27 PM,49.22,9.00,0.00,58.22,,,,Credit,9qmCLzNMbFkxK
1,5/5/26 5:44 PM,78.99,7.00,0.00,85.99,,,,Credit,skYjNLcWKrCqF
1,5/6/26 5:09 PM,127.14,10.00,23.50,160.64,,,,Credit,MzpLfspXh9zrT
2,5/6/26 5:11 PM,65.44,13.00,0.00,78.44,,,,Credit,wMCjsRjNNLMzs
3,5/6/26 5:28 PM,108.75,20.00,0.00,128.75,,,,Credit,kTjmnLFkwYpqs
3,5/6/26 5:28 PM,24.89,5.00,0.00,29.89,,,,Credit,TXxpfcbwLrzfX
4,5/6/26 5:57 PM,195.65,20.00,36.17,251.82,,,,Credit,sTbXrzPgWdfxq
6,5/6/26 6:40 PM,74.68,25.32,0.00,100.00,,,,Credit,Fwd9xPbw9tPLm
8,5/6/26 7:10 PM,50.31,9.69,0.00,60.00,,,,Credit,KYPwJYqrknytk
7,5/6/26 6:55 PM,191.54,30.00,0.00,221.54,,,,Credit,h9PxhwKLWjwdH
1,5/7/26 5:03 PM,35.71,8.00,0.00,43.71,,,,Credit,tpLtnkfJCFwKL
2,5/7/26 5:07 PM,84.40,15.60,0.00,100.00,,,,Credit,PKdjtTKwmqmLj
3,5/7/26 5:46 PM,93.59,20.00,0.00,113.59,,,,Credit,9fzT7XdqTN7nF
4,5/7/26 6:10 PM,56.27,10.00,0.00,66.27,,,,Credit,7frYymXyfwygm
5,5/7/26 6:34 PM,94.15,20.00,0.00,114.15,,,,Credit,trn9RwpytfpHj
6,5/7/26 6:52 PM,145.17,20.00,0.00,165.17,,,,Credit,qXYLHgyJw7TCR
6,5/7/26 6:52 PM,143.18,30.00,0.00,173.18,,,,Credit,kkNF9rqyTfnyM
2,5/8/26 5:04 PM,46.09,10.00,0.00,56.09,,,,Credit,sRdmNthnJ7cMb
1,5/8/26 5:04 PM,62.75,8.00,0.00,70.75,,,,Credit,MXPgtm7RFCFzF
4,5/8/26 5:18 PM,54.19,7.00,0.00,61.19,,,,Credit,7pKNRKhKTsCq9
3,5/8/26 5:09 PM,102.98,20.00,0.00,122.98,,,,Credit,ztgrwqgRRPWhn
5,5/8/26 5:24 PM,104.64,20.00,0.00,124.64,,,,Credit,jPxndfhkKcRfT
5,5/8/26 5:24 PM,104.65,20.00,0.00,124.65,,,,Credit,qCRb9NddW7dxg
6,5/8/26 5:59 PM,102.26,20.00,0.00,122.26,,,,Credit,RKFdHqbmWrzKW
9,5/8/26 6:59 PM,42.74,7.00,0.00,49.74,,,,Credit,yLszFdrLPxw7p
7,5/8/26 6:49 PM,125.51,25.00,0.00,150.51,,,,Credit,7NR7TXswyKhdz
12,5/8/26 7:20 PM,48.86,0.00,0.00,48.86,,,,Credit,C9WzgbFkHXyKs
12,5/8/26 7:20 PM,26.60,5.00,0.00,31.60,,,,Credit,wrqxnxmxqYnnd
8,5/8/26 6:58 PM,126.82,0.00,0.00,126.82,,,,Cash,nJ7myC7XJXzjq
11,5/8/26 7:18 PM,82.76,20.00,0.00,102.76,,,,Credit,sRNTftRwnKzjY
10,5/8/26 7:07 PM,184.65,50.00,0.00,234.65,,,,Credit,WKTdMFg9xXbqk
15,5/8/26 8:13 PM,64.40,10.00,0.00,74.40,,,,Credit,FX9k7yWWPcFJM
1,5/9/26 5:04 PM,116.31,34.00,0.00,150.31,,,,Credit,RYhmwzKyj7cyL
7,5/9/26 5:53 PM,55.18,7.65,0.00,62.83,,,,Credit,cMkndJmyRdndd
2,5/9/26 5:05 PM,21.64,0.00,4.00,25.64,,,,Credit,WMmHWygMjrjwL
2,5/9/26 5:05 PM,98.99,0.00,18.30,117.29,,,,Credit,PqJRRLgsrJthM
2,5/9/26 5:05 PM,77.39,0.00,14.30,91.69,,,,Credit,nhXsFnbFnpzgm
6,5/9/26 5:39 PM,120.62,29.38,0.00,150.00,,,,Credit,cznN9FsNt9MhR
8,5/9/26 5:54 PM,139.19,26.00,0.00,165.19,,,,Credit,mLJbjy9MmKxnh
9,5/9/26 5:56 PM,89.28,18.00,0.00,107.28,,,,Credit,scHyN7pkxHrqs
5,5/9/26 5:36 PM,110.88,25.00,0.00,135.88,,,,Credit,nhdbCrFmqqL9m
10,5/9/26 6:04 PM,198.89,40.00,0.00,238.89,,,,Credit,XThmfmmCqHxJ7
13,5/9/26 6:42 PM,143.87,17.00,0.00,160.87,,,,Credit,rfhchdwMRzbbM
11,5/9/26 6:18 PM,182.96,25.00,0.00,207.96,,,,Credit,Xtcz9CdNwTzrM
12,5/9/26 6:39 PM,131.94,40.00,0.00,171.94,,,,Credit,zTWwYqLtYgMHp
14,5/9/26 7:31 PM,114.15,22.85,0.00,137.00,,,,Credit,rngdHts9bqr7Y
15,5/9/26 7:43 PM,142.29,25.00,0.00,167.29,,,,Credit,kgHTpwHFXXhjT
16,5/9/26 7:43 PM,49.22,0.00,0.00,49.22,,,,Credit,bf97tYzxsHprq
17,5/9/26 8:38 PM,18.38,2.00,0.00,20.38,,,,Credit,htbTKgbhdhNrc
1,5/10/26 12:23 PM,162.32,30.00,0.00,192.32,,,,Credit,dsYFyPmHkTgYY
2,5/10/26 12:27 PM,78.44,16.00,0.00,94.44,,,,Credit,HYFcFgpwy7hjC
3,5/10/26 12:28 PM,212.53,50.00,0.00,262.53,,,,Credit,yWcnmpspJKLHr
5,5/10/26 12:37 PM,88.36,16.64,0.00,105.00,,,,Credit,pzCN9WMJmcqHM
4,5/10/26 12:35 PM,86.54,20.00,0.00,106.54,,,,Credit,mthfkCMxKNYWf
6,5/10/26 12:59 PM,90.37,18.37,0.00,108.74,,,,Credit,M9wbgKtTHw9fL
7,5/10/26 1:04 PM,73.75,6.25,0.00,80.00,,,,Credit,fJCKzFCRFgmWr
10,5/10/26 1:26 PM,54.10,10.80,0.00,64.90,,,,Credit,h9xct9WnKcgJN
8,5/10/26 1:13 PM,119.00,16.00,0.00,135.00,,,,Credit,TwzwyThLdMcfc
9,5/10/26 1:17 PM,170.43,35.00,0.00,205.43,,,,Credit,JKJMHyL7xFdhj
12,5/10/26 2:01 PM,47.78,10.00,0.00,57.78,,,,Credit,h7jXxrWTHkgTP
12,5/10/26 2:01 PM,39.04,8.00,0.00,47.04,,,,Credit,gdHRnKJWzqtWT
11,5/10/26 1:52 PM,89.26,10.74,0.00,100.00,,,,Credit,rkqXdxbjFtpXw
13,5/10/26 2:06 PM,131.12,28.00,0.00,159.12,,,,Credit,LwRRqpLw7qHNP
16,5/10/26 3:04 PM,62.76,10.00,0.00,72.76,,,,Credit,Rj97rmrmFRfky
15,5/10/26 2:47 PM,102.33,25.00,0.00,127.33,,,,Credit,FdHjxgqqCYCcd
17,5/10/26 4:02 PM,68.25,18.00,0.00,86.25,,,,Credit,nhYHRzY7xNKfW
20,5/10/26 4:30 PM,201.86,27.99,0.00,229.85,,,,Credit,qJWXwYmpmsnzK
18,5/10/26 4:11 PM,136.34,25.00,0.00,161.34,,,,Credit,dRNypY7smsPmC
19,5/10/26 4:16 PM,173.12,34.00,0.00,207.12,,,,Credit,qJxYgsgzJfmsK
22,5/10/26 4:39 PM,104.96,0.00,0.00,104.96,,,,Credit,gTNpWqxqg9rxy
21,5/10/26 4:36 PM,191.33,0.00,0.00,191.33,,,,Credit,d7yNbqHMCxHny
23,5/10/26 4:55 PM,54.10,0.00,0.00,54.10,,,,Credit,bnWMLs7fMy9by
25,5/10/26 5:10 PM,102.33,20.00,0.00,122.33,,,,Credit,zptYLs9gttRHX
24,5/10/26 5:05 PM,140.95,0.00,0.00,140.95,,,,Cash,ywhLdpgnfXztq
26,5/10/26 5:28 PM,157.39,30.00,0.00,187.39,,,,Credit,cj7TmLq9crYXC
29,5/10/26 6:06 PM,52.48,10.00,0.00,62.48,,,,Credit,mYPWNzbpq7hCc
27,5/10/26 5:35 PM,94.69,18.00,0.00,112.69,,,,Credit,zWqbJyxXtqwxn
28,5/10/26 5:56 PM,202.97,40.00,0.00,242.97,,,,Credit,TNbyKjYFJNJRz
31,5/10/26 6:20 PM,100.08,20.00,0.00,120.08,,,,Credit,TPLRY7tpPsrcH
30,5/10/26 6:14 PM,111.45,25.00,0.00,136.45,,,,Credit,HndNJpgrpgkrm
37,5/10/26 7:08 PM,84.38,14.04,0.00,98.42,,,,Credit,yJRdpCHNpPR9H
33,5/10/26 6:24 PM,199.61,40.00,0.00,239.61,,,,Credit,kqN79Jzfb7xsh
32,5/10/26 6:24 PM,130.39,25.00,0.00,155.39,,,,Credit,pTnqb9HHkhPTs
34,5/10/26 6:52 PM,39.50,13.00,0.00,52.50,,,,Credit,KMTPL7dHRLCFF
34,5/10/26 6:52 PM,84.37,16.84,0.00,101.21,,,,Credit,kChfXdTtfpCxK
35,5/10/26 7:03 PM,194.35,40.00,0.00,234.35,,,,Credit,sFXtmrcRnYJWX
36,5/10/26 7:03 PM,191.60,38.40,0.00,230.00,,,,Credit,NJRhLnkfRTMzh
40,5/10/26 8:01 PM,36.76,2.00,0.00,38.76,,,,Credit,mWyJx7zkPdKhM
39,5/10/26 7:37 PM,75.10,14.00,0.00,89.10,,,,Credit,TPKfHNgbndkjt
41,5/10/26 8:09 PM,53.02,9.98,0.00,63.00,,,,Credit,wczdJnJqwrTTw
2,5/11/26 6:12 PM,39.50,10.00,0.00,49.50,,,,Credit,PnyyqkdH7mXxd
1,5/11/26 6:07 PM,135.78,26.00,0.00,161.78,,,,Credit,tHfkNcyHjdb7k
3,5/11/26 6:19 PM,106.21,0.00,0.00,106.21,,,,Credit,n7MPsqw9ct9WJ
4,5/11/26 8:07 PM,42.74,12.00,0.00,54.74,,,,Credit,nnYnjWpbkzk9r
1,5/12/26 6:47 PM,8.66,0.00,0.00,8.66,,,,Cash,sXdXLHxtWpf97
2,5/12/26 8:12 PM,602.66,0.00,111.40,714.06,,,,Credit,9qMLRtrYfyHF7
4,5/12/26 8:19 PM,500.00,100.00,0.00,600.00,,,,Credit,sgkJfYYFWJNWr
4,5/12/26 8:19 PM,500.00,100.00,0.00,600.00,,,,Credit,Fy7bHrLFHYFPs
3,5/12/26 8:17 PM,237.90,60.00,44.00,341.90,,,,Credit,cyhCKcHnpbTK7
5,5/12/26 8:23 PM,70.45,70.00,0.00,140.45,,,,Credit,NkwFpwNzkqcYW
9,5/12/26 8:28 PM,55.17,0.00,0.00,55.17,,,,Credit,rMwgLbLzjPmNK
10,5/12/26 8:29 PM,36.78,6.22,0.00,43.00,,,,Credit,JnzKWftrpwHq7
11,5/12/26 8:30 PM,103.86,100.00,0.00,203.86,,,,Credit,HR97RJFnmyYLt
8,5/12/26 8:25 PM,73.60,20.00,0.00,93.60,,,,Credit,s9Knc7PMqLrKq
1,5/13/26 5:03 PM,42.20,8.00,0.00,50.20,,,,Credit,kfrMy7dgqyLnk
2,5/13/26 5:48 PM,54.10,10.00,0.00,64.10,,,,Credit,d7JjwmrdJcckp
4,5/13/26 6:14 PM,37.33,0.00,0.00,37.33,,,,Cash,spkxFKpqRXTyP
3,5/13/26 5:51 PM,318.66,12.44,58.90,390.00,,,,Credit,WfrrhznNJkTF7
6,5/13/26 7:43 PM,30.86,0.00,0.00,30.86,"RestaurantUser [id=1300000006718438259, user email = omeomaia123@gmail.com]","RestaurantUser [id=1300000006718438259, user email = omeomaia123@gmail.com]",5/13/2026 8:06 PM,Cash,dHjbtxWczPXx9
6,5/13/26 7:43 PM,30.86,0.00,0.00,30.86,"RestaurantUser [id=1300000006718438259, user email = omeomaia123@gmail.com]","RestaurantUser [id=1300000006718438259, user email = omeomaia123@gmail.com]",5/13/2026 8:06 PM,Cash,ndfCkMmcLfywr
6,5/13/26 7:43 PM,30.86,0.00,0.00,30.86,,,,Cash,KsWrbN9CgK9nm
5,5/13/26 7:13 PM,45.57,10.00,0.00,55.57,,,,Credit,sCCybc9JLngMw
5,5/13/26 7:13 PM,42.86,9.00,0.00,51.86,,,,Credit,Cg7HHxLmCxCHR
5,5/13/26 7:13 PM,42.86,8.00,0.00,50.86,,,,Credit,yjqnyg9HkXwp9
7,5/13/26 7:46 PM,29.39,5.00,0.00,34.39,,,,Credit,xFqfghmWknzRP
5,5/13/26 7:13 PM,46.10,0.00,0.00,46.10,,,,Cash,ftTHycbjXhdyg
1,5/14/26 5:36 PM,71.40,0.00,0.00,71.40,,,,Cash,kMbbFyqTMtppX
2,5/14/26 6:02 PM,106.03,20.00,0.00,126.03,,,,Credit,ttWqMRwqXzryr
4,5/14/26 6:52 PM,56.79,11.21,0.00,68.00,,,,Credit,f9YpYYdKgfsK9
3,5/14/26 6:48 PM,78.98,12.00,0.00,90.98,,,,Credit,XFF7qxCzH9m7h
6,5/14/26 7:14 PM,21.64,2.64,0.00,24.28,,,,Credit,XLqJypctTMHmw
6,5/14/26 7:14 PM,22.72,0.00,0.00,22.72,,,,Credit,wmfJzxRbYPRWW
6,5/14/26 7:14 PM,26.50,10.00,0.00,36.50,,,,Credit,nXWFzbsRYCTft
5,5/14/26 7:09 PM,57.35,15.00,0.00,72.35,,,,Credit,yknJWcYmbLgtP
7,5/14/26 7:48 PM,82.31,0.00,15.22,97.53,,,,Credit,HFwJPjTTWMKHK
7,5/14/26 7:48 PM,113.07,26.00,20.90,159.97,,,,Credit,R9bRfWzRMdMJn
7,5/14/26 7:48 PM,163.36,0.00,30.20,193.56,,,,Credit,TpyfwPstspPbJ
12,5/14/26 8:32 PM,114.21,15.00,0.00,129.21,,,,Credit,srjkj9pwzyYRC
2,5/15/26 5:07 PM,67.63,10.14,0.00,77.77,,,,Credit,NpJRqkydCkJtC
3,5/15/26 5:55 PM,58.97,15.00,0.00,73.97,,,,Credit,jHzkPhdy9Lf9F
4,5/15/26 6:10 PM,80.60,0.00,14.90,95.50,,,,Credit,hKYmwd7fmyHKk
4,5/15/26 6:10 PM,67.60,9.38,12.50,89.48,,,,Credit,YpjNypwCWFLcC
4,5/15/26 6:10 PM,65.47,0.00,12.10,77.57,,,,Credit,z9tJHYttWhsnw
6,5/15/26 6:19 PM,54.65,10.00,0.00,64.65,,,,Credit,mYYtgbWbbmtwf
10,5/15/26 6:46 PM,59.50,5.00,11.00,75.50,,,,Credit,srph7fXkJtNpb
9,5/15/26 6:44 PM,89.28,18.15,0.00,107.43,,,,Credit,MfRc9KnsThHRJ
5,5/15/26 6:13 PM,212.62,45.00,0.00,257.62,,,,Credit,JMdHLdLqcbNLb
7,5/15/26 6:39 PM,63.30,12.00,0.00,75.30,,,,Credit,jNjJkgMHTzTgf
8,5/15/26 6:40 PM,38.95,14.00,0.00,52.95,,,,Credit,YqjLFnCfpCCzM
13,5/15/26 7:01 PM,246.18,0.00,45.50,291.68,,,,Credit,KnxwwqgmXb7gC
10,5/15/26 6:46 PM,73.65,0.00,13.62,87.27,,,,Credit,MRm9jzgbPmcFK
12,5/15/26 6:53 PM,98.82,20.00,0.00,118.82,,,,Credit,HfyTzsybhcwdM
11,5/15/26 6:49 PM,149.35,40.00,0.00,189.35,,,,Credit,K9wzttKkrjksn
17,5/15/26 7:27 PM,124.43,25.00,0.00,149.43,,,,Credit,McHbhzyPC9WkW
19,5/15/26 8:07 PM,25.97,5.00,0.00,30.97,,,,Credit,fjLFLspzrMNgj
1,5/16/26 5:11 PM,86.12,16.00,0.00,102.12,,,,Credit,b7cFtJMtypRYF
2,5/16/26 5:27 PM,119.57,20.00,0.00,139.57,,,,Credit,yKNpNxr7fmcnz
3,5/16/26 5:32 PM,95.22,15.00,0.00,110.22,,,,Credit,dNHhgYCMxMCTm
7,5/16/26 6:11 PM,32.46,10.00,0.00,42.46,,,,Credit,K7MWyfCzPhnPh
4,5/16/26 5:33 PM,104.95,25.00,0.00,129.95,,,,Credit,yppwwysrnCWXX
5,5/16/26 5:35 PM,108.18,21.00,0.00,129.18,,,,Credit,7g9zWCnz9PmTW
6,5/16/26 5:59 PM,62.75,12.25,0.00,75.00,,,,Credit,x9ddJCybTwkqn
9,5/16/26 6:36 PM,137.41,25.40,0.00,162.81,,,,Credit,xJqsPJqfCbNtF
8,5/16/26 6:17 PM,332.82,0.00,61.52,394.34,,,,Credit,mNyfjqLHyWxHP
11,5/16/26 6:41 PM,70.95,2.00,0.00,72.95,,,,Credit,XKM9zcJPztfgd
11,5/16/26 6:41 PM,50.23,5.00,0.00,55.23,,,,Credit,XydWhCHyggk79
13,5/16/26 6:57 PM,67.72,14.00,0.00,81.72,,,,Credit,yrnKxNPhfwrHN
12,5/16/26 6:51 PM,89.90,15.00,0.00,104.90,,,,Credit,fNbTKyRnnk7zd
10,5/16/26 6:41 PM,172.05,40.00,0.00,212.05,,,,Credit,yjKgnWCTWsJxp
14,5/16/26 7:10 PM,74.68,20.00,13.80,108.48,,,,Credit,dWH7xY7FzjXJf
14,5/16/26 7:10 PM,56.26,0.00,10.40,66.66,,,,Cash,JjgPjC9kctYJs
14,5/16/26 7:10 PM,37.60,9.00,6.95,53.55,,,,Credit,HbH7CWthYXJhY
14,5/16/26 7:10 PM,37.61,9.00,6.95,53.56,,,,Credit,zWyHntyJMHtNb
16,5/16/26 7:54 PM,50.12,10.00,0.00,60.12,,,,Credit,MLkdXfJmg9fdn
16,5/16/26 7:54 PM,50.00,0.00,0.00,50.00,,,,Cash,LRXCsPTCdyTRb
1,5/17/26 5:21 PM,109.28,0.00,0.00,109.28,,,,Credit,PcHbrwMNzFm7Y
4,5/17/26 5:35 PM,95.22,19.36,0.00,114.58,,,,Credit,WcFbr97xkNdFP
5,5/17/26 5:39 PM,70.89,15.00,0.00,85.89,,,,Credit,xNjhFnsLzHzxh
2,5/17/26 5:23 PM,522.68,0.00,96.62,619.30,,,,Credit,WgYWxnKtPsWzT
7,5/17/26 6:07 PM,96.30,20.00,0.00,116.30,,,,Credit,djkYdLMh7Jfzw
8,5/17/26 6:33 PM,76.26,10.58,0.00,86.84,,,,Credit,tnYJdHdmqRXrg
10,5/17/26 6:52 PM,215.85,39.90,0.00,255.75,,,,Credit,RHhFMkCsMhgxy
3,5/17/26 5:30 PM,68.71,15.00,0.00,83.71,,,,Credit,wRyn9w9dNNXC7
3,5/17/26 5:30 PM,198.05,29.00,0.00,227.05,,,,Credit,rwzwXkhqjpHct
6,5/17/26 6:02 PM,60.04,0.00,0.00,60.04,,,,Credit,sWCpYmwjqRWwP
9,5/17/26 6:48 PM,96.29,20.00,0.00,116.29,,,,Credit,WhxLwCkp9KgHN
11,5/17/26 7:14 PM,62.76,12.00,0.00,74.76,,,,Credit,KCLmX9Kq7jXxn
13,5/17/26 8:20 PM,146.05,33.95,0.00,180.00,,,,Credit,JHxYwbyJmkF9t
1,5/20/26 5:19 PM,94.16,17.00,0.00,111.16,,,,Credit,7jcrKsqTqtKyr
3,5/20/26 5:36 PM,108.75,12.75,0.00,121.50,,,,Credit,Ps9MbYXLJPYsC
2,5/20/26 5:31 PM,47.61,0.00,0.00,47.61,,,,Cash,7gqqcqRNxbTrC
4,5/20/26 6:21 PM,66.72,0.00,0.00,66.72,,,,Cash,XRXwqk9wbtsNf
5,5/20/26 6:39 PM,52.49,0.00,0.00,52.49,,,,Credit,FcHJYMMxwdjHF
6,5/20/26 6:53 PM,130.92,26.00,0.00,156.92,,,,Credit,kjPNdfWn9Jzzn
7,5/20/26 8:04 PM,57.87,0.00,0.00,57.87,,,,Cash,HmsfNwdRNqfwX
1,5/21/26 5:02 PM,95.23,15.00,0.00,110.23,,,,Credit,YcgphYKKMHxtY
2,5/21/26 5:18 PM,37.43,12.57,0.00,50.00,,,,Credit,FxhgCwg7pzFXz
5,5/21/26 6:07 PM,90.90,18.00,0.00,108.90,,,,Credit,mKWyXXKwnHfTg
4,5/21/26 5:36 PM,156.44,34.00,0.00,190.44,,,,Credit,XntLsCrLcqzxs
6,5/21/26 6:10 PM,107.67,22.00,0.00,129.67,,,,Credit,TrPJXdP7LskCg
8,5/21/26 6:38 PM,60.05,12.00,0.00,72.05,,,,Credit,rfRFzTRnHtchJ
7,5/21/26 6:29 PM,136.87,0.00,0.00,136.87,,,,Cash,LHktsrfzwFJtL
9,5/21/26 7:34 PM,135.78,0.00,25.10,160.88,,,,Credit,dspkjgt7pKWrX
1,5/22/26 5:05 PM,50.31,0.00,0.00,50.31,,,,Credit,gpXbkxxW9gymq
3,5/17/26 5:30 PM,9.19,0.00,0.00,9.19,,,,Cash,qXYnRNKbFbkCt
4,5/22/26 6:09 PM,68.26,10.00,0.00,78.26,,,,Credit,fJkgRsRfChjXz
6,5/22/26 6:45 PM,22.72,4.00,0.00,26.72,,,,Credit,wCW9ndxchzHhr
5,5/22/26 6:45 PM,102.23,18.00,0.00,120.23,,,,Credit,XmwKWjz7HdRcX
3,5/22/26 5:46 PM,154.27,30.00,0.00,184.27,,,,Credit,zgfHnbCtTW7gs
7,5/22/26 6:54 PM,146.60,28.00,0.00,174.60,,,,Credit,FPzbKhYHfbbqd
8,5/22/26 7:06 PM,38.97,7.20,0.00,46.17,,,,Credit,xzgLKtKMzHRCR
8,5/22/26 7:06 PM,93.61,16.39,0.00,110.00,,,,Credit,JMLbHJh9dTLTK
9,5/22/26 7:08 PM,88.19,0.00,0.00,88.19,,,,Credit,FhrfsRwdzCkng
8,5/22/26 7:06 PM,35.71,6.60,0.00,42.31,,,,Credit,FbbCfh9MfmYkq
10,5/22/26 7:29 PM,73.56,15.00,0.00,88.56,,,,Credit,nYrbz7ddNKxmp
11,5/22/26 7:57 PM,102.78,25.00,0.00,127.78,,,,Credit,FzJHRwTFJwcXL
7,5/23/26 12:16 PM,2.16,0.00,0.00,2.16,,,,Cash,9hKKsMxx7bRxT
8,5/23/26 12:20 PM,8.66,0.00,0.00,8.66,,,,Cash,XNyWTJ7wXwHcL
11,5/23/26 12:33 PM,3.24,0.00,0.00,3.24,,,,Credit,qL9jgP9XCgtHf
12,5/23/26 12:40 PM,8.66,0.00,0.00,8.66,,,,Cash,njJsYLpc9sYJd
13,5/23/26 12:43 PM,8.66,1.44,0.00,10.10,,,,Credit,TnJpTyRjFj9RH
14,5/23/26 12:49 PM,12.99,0.00,0.00,12.99,,,,Credit,TfPYMHMhJnNMy
15,5/23/26 12:51 PM,12.99,0.00,0.00,12.99,,,,Credit,qjYt7mpLXRJjs
16,5/23/26 12:55 PM,8.66,0.00,0.00,8.66,,,,Credit,KymMnwbHnyNsM
17,5/23/26 12:55 PM,21.65,0.00,0.00,21.65,,,,Credit,P9s7HHrjxYtWP
18,5/23/26 12:57 PM,8.66,0.00,0.00,8.66,,,,Cash,xJtcmXTLCFL7P
9,5/23/26 12:26 PM,45.42,10.00,0.00,55.42,,,,Credit,xYmhphmFnsycC
21,5/23/26 1:04 PM,2.16,0.00,0.00,2.16,,,,Credit,RcrJPtNFWNy9C
23,5/23/26 1:11 PM,17.32,0.00,0.00,17.32,,,,Credit,9tmYM97RxWhgC
10,5/23/26 12:31 PM,62.22,20.00,0.00,82.22,,,,Credit,pH9qKq7Hn7LPx
24,5/23/26 1:20 PM,1.08,0.00,0.00,1.08,,,,Cash,Nb9mmq9syPKzT
26,5/23/26 1:22 PM,12.99,0.00,0.00,12.99,,,,Credit,bMhMbKznJyNnK
27,5/23/26 1:23 PM,12.99,0.00,0.00,12.99,,,,Cash,NhRPPpgpfFFs9
28,5/23/26 1:27 PM,18.40,0.00,0.00,18.40,,,,Credit,TtrcyRxJn9Nnr
29,5/23/26 1:29 PM,3.24,0.00,0.00,3.24,,,,Cash,RbkKmdNynpkNm
20,5/23/26 1:02 PM,47.61,5.00,0.00,52.61,,,,Credit,7fccYmNrcbnsh
32,5/23/26 1:33 PM,12.99,0.00,0.00,12.99,,,,Credit,WPgqb9YfzkfzM
22,5/23/26 1:07 PM,46.00,0.00,0.00,46.00,,,,Credit,jNqYjqJC9ykcJ
34,5/23/26 1:41 PM,8.66,0.00,0.00,8.66,,,,Credit,W9JXrrtbNKTsM
35,5/23/26 1:43 PM,25.98,0.00,0.00,25.98,,,,Cash,9HqphtLMrmdMw
36,5/23/26 1:47 PM,1.08,0.00,0.00,1.08,,,,Cash,p7myMFJqrRCPn
38,5/23/26 1:48 PM,8.66,0.00,0.00,8.66,,,,Credit,Tf9jJCKkKtzcM
40,5/23/26 1:51 PM,1.08,0.00,0.00,1.08,,,,Credit,wFqhcjsXmMwNn
42,5/23/26 1:53 PM,21.65,0.00,0.00,21.65,,,,Cash,RKfYtFhtHLYbq
43,5/23/26 1:55 PM,17.32,0.00,0.00,17.32,,,,Cash,WqMHdtybcpT9J
25,5/23/26 1:21 PM,76.82,13.18,0.00,90.00,,,,Credit,9hMkw7CNpndpF
45,5/23/26 2:10 PM,2.16,0.00,0.00,2.16,,,,Cash,MpsX7wNL9PKcg
46,5/23/26 2:14 PM,21.65,3.60,0.00,25.25,,,,Credit,WHLYcjqNWW7zp
37,5/23/26 1:47 PM,57.88,10.00,0.00,67.88,,,,Credit,NdXKFxWtdF7Wg
47,5/23/26 2:15 PM,21.65,0.00,0.00,21.65,,,,Credit,srprMc9ycpbXy
31,5/23/26 1:33 PM,19.47,5.00,0.00,24.47,,,,Credit,fcLxdYLcMMbRp
30,5/23/26 1:29 PM,62.31,13.00,0.00,75.31,,,,Credit,WkxNscdwxdqpf
48,5/23/26 2:22 PM,2.16,0.00,0.00,2.16,,,,Cash,yJLPkN7c9pJnn
33,5/23/26 1:36 PM,138.26,32.00,25.55,195.81,,,,Credit,rFnWtjWgHndF7
49,5/23/26 2:33 PM,8.66,0.00,0.00,8.66,,,,Cash,TRy9Kfwcrkmxp
50,5/23/26 2:37 PM,12.99,0.00,0.00,12.99,,,,Credit,wTyntThNwqLL9
51,5/23/26 2:39 PM,12.99,0.00,0.00,12.99,,,,Cash,CdJbycw9CLdCj
52,5/23/26 2:40 PM,21.65,0.00,0.00,21.65,,,,Cash,ryjJhnjdKcfXN
53,5/23/26 2:41 PM,12.99,0.00,0.00,12.99,,,,Credit,9fYxLKFgtdPWN
55,5/23/26 2:45 PM,17.32,0.00,0.00,17.32,,,,Credit,PTxcgksmWgjtK
44,5/23/26 1:58 PM,52.46,10.00,0.00,62.46,,,,Credit,bgkdHPXxFdbbd
39,5/23/26 1:50 PM,91.44,20.00,0.00,111.44,,,,Credit,gXsXtchTzxPNt
56,5/23/26 2:57 PM,12.99,2.40,0.00,15.39,,,,Credit,JFtXNqHHgbyHk
57,5/23/26 3:03 PM,8.66,0.00,0.00,8.66,,,,Cash,PzwxddyMFkrHx
59,5/23/26 3:08 PM,1.08,0.22,0.00,1.30,,,,Credit,wxgrWMwypwCrT
60,5/23/26 3:10 PM,12.99,2.40,0.00,15.39,,,,Credit,JjmqNTysyxLjF
61,5/23/26 3:12 PM,25.98,0.00,0.00,25.98,,,,Credit,h97TdcXjhdtmg
54,5/23/26 2:42 PM,57.88,15.00,0.00,72.88,,,,Credit,Hnb9tbHLjHk7J
64,5/23/26 3:32 PM,25.98,0.00,0.00,25.98,,,,Credit,jHJJRs97ghswj
65,5/23/26 3:34 PM,8.66,0.00,0.00,8.66,,,,Credit,w9kKxCkPtNtFw
66,5/23/26 3:34 PM,12.99,0.00,0.00,12.99,,,,Credit,ktsrxwnXkfgtk
67,5/23/26 3:35 PM,12.99,0.00,0.00,12.99,,,,Credit,JFxhRdsbhRgRF
68,5/23/26 3:38 PM,17.32,1.00,0.00,18.32,,,,Credit,dHmpfMMTdbFCp
69,5/23/26 3:43 PM,12.99,2.16,0.00,15.15,,,,Credit,PYtKqnKkmTLyr
70,5/23/26 3:44 PM,8.66,0.00,0.00,8.66,,,,Credit,CXhhTFgqsjgTz
71,5/23/26 3:50 PM,8.66,1.60,0.00,10.26,,,,Credit,wtrwKzrsmFjks
73,5/23/26 3:51 PM,12.99,0.00,0.00,12.99,,,,Credit,xrrxrJMqsYcsP
58,5/23/26 3:04 PM,73.56,10.00,0.00,83.56,,,,Credit,CFcPyy9nLLPdn
75,5/23/26 3:57 PM,33.55,3.00,0.00,36.55,,,,Credit,knLTpFjxPrMWC
62,5/23/26 3:18 PM,20.00,2.00,0.00,22.00,,,,Credit,qxqqywyyzYyNH
62,5/23/26 3:18 PM,2.72,0.00,0.00,2.72,,,,Credit,m9ncNtYLwymhR
72,5/23/26 3:51 PM,24.89,3.45,4.60,32.94,,,,Credit,tyPnFgmnHMWKh
77,5/23/26 4:08 PM,21.65,0.00,0.00,21.65,,,,Credit,79Cryxsq9NTbj
72,5/23/26 3:51 PM,13.53,2.50,2.50,18.53,,,,Credit,RmKdxpChstgzk
79,5/23/26 4:21 PM,14.07,0.00,0.00,14.07,,,,Cash,pyNKJwTT7xFgr
84,5/23/26 4:24 PM,12.99,2.64,0.00,15.63,,,,Credit,m9PF77jhfMMpg
72,5/23/26 3:51 PM,46.53,25.00,8.60,80.13,,,,Credit,YwcXYbwpdRgCN
72,5/23/26 3:51 PM,21.64,5.00,4.00,30.64,,,,Credit,TCHKjkTTbnsqW
72,5/23/26 3:51 PM,27.06,5.94,7.00,40.00,,,,Credit,dhJFPfyzCmJYH
85,5/23/26 4:32 PM,17.32,0.00,0.00,17.32,,,,Credit,t7dMmybYkwTmh
63,5/23/26 3:30 PM,45.70,10.00,0.00,55.70,,,,Credit,99LWdtCxRhjqr
87,5/23/26 4:33 PM,8.66,0.00,0.00,8.66,,,,Credit,rTrqzxsbRCYYP
63,5/23/26 3:30 PM,45.70,10.00,0.00,55.70,,,,Credit,pPXcmchh7sxw9
88,5/23/26 4:35 PM,9.74,0.00,0.00,9.74,,,,Cash,jnJKJp7mNh9yh
89,5/23/26 4:35 PM,5.40,5.00,0.00,10.40,,,,Credit,wqqddwCNqWnzr
78,5/23/26 4:08 PM,51.39,12.00,0.00,63.39,,,,Credit,jJJMFsHgxMx9J
90,5/23/26 4:47 PM,8.66,0.00,0.00,8.66,,,,Cash,Phx7WfnyKJfCP
91,5/23/26 4:49 PM,1.08,0.00,0.00,1.08,,,,Cash,gMPL997TfmNhF
93,5/23/26 4:51 PM,8.66,0.00,0.00,8.66,,,,Credit,MmCLtMfxNgLnb
74,5/23/26 3:54 PM,107.92,33.00,0.00,140.92,,,,Credit,WkyqpFdTscHqJ
95,5/23/26 5:14 PM,12.99,0.00,0.00,12.99,,,,Credit,nHm7CKCPfFfwx
96,5/23/26 5:19 PM,8.66,0.00,0.00,8.66,,,,Credit,kpxMx7PXzgLcc
97,5/23/26 5:21 PM,9.74,0.00,0.00,9.74,,,,Cash,k9mwctfkRzRpg
92,5/23/26 4:50 PM,109.81,10.00,0.00,119.81,,,,Credit,htrtKwMpzy79m
99,5/23/26 5:40 PM,8.66,0.00,0.00,8.66,,,,Cash,NRy9gjtRsRkFP
100,5/23/26 5:46 PM,12.99,0.00,0.00,12.99,,,,Credit,MrhxMWwtTcfPc
102,5/23/26 5:54 PM,8.66,0.00,0.00,8.66,,,,Cash,NJdgYpJJbkqRK
104,5/23/26 5:59 PM,8.66,0.00,0.00,8.66,,,,Credit,fgsnNy7cbMfqY
105,5/23/26 6:03 PM,1.08,0.00,0.00,1.08,,,,Cash,JxYrdxjtTTckN
106,5/23/26 6:06 PM,1.08,0.00,0.00,1.08,,,,Credit,FPq9KRrHNWMNn
107,5/23/26 6:16 PM,17.32,0.00,0.00,17.32,,,,Credit,Pff7tbRsRwyzq
98,5/23/26 5:31 PM,54.10,25.00,0.00,79.10,,,,Credit,NMFgwthqYmdYK
110,5/23/26 6:25 PM,8.66,0.00,0.00,8.66,,,,Cash,jNTdNKjJqkty9
111,5/23/26 6:27 PM,1.08,0.00,0.00,1.08,,,,Credit,r7pyfsJmMXL97
113,5/23/26 6:29 PM,8.66,0.00,0.00,8.66,,,,Cash,Wsshgjs7LyMyF
114,5/23/26 6:29 PM,8.66,0.00,0.00,8.66,,,,Credit,nFJqg7sTpTytT
115,5/23/26 6:30 PM,12.99,0.00,0.00,12.99,,,,Credit,PdzbpgWhcLxss
118,5/23/26 6:40 PM,8.66,0.00,0.00,8.66,,,,Credit,nkpYwfNFw9rFk
119,5/23/26 6:41 PM,8.66,1.76,0.00,10.42,,,,Credit,kcTMdMhYkzjPm
101,5/23/26 5:54 PM,45.44,10.00,0.00,55.44,,,,Credit,P9PNqkpkttyrP
101,5/23/26 5:54 PM,37.33,6.00,0.00,43.33,,,,Credit,wfLJcFxdJfCsm
103,5/23/26 5:56 PM,53.01,7.00,0.00,60.01,,,,Credit,JfHFnpyYjNzCK
122,5/23/26 6:51 PM,1.08,0.00,0.00,1.08,,,,Credit,rPTndCcNd7Pkh
124,5/23/26 6:53 PM,8.66,1.76,0.00,10.42,,,,Credit,Jxb9nPcdHFFzT
127,5/23/26 6:58 PM,43.30,8.00,0.00,51.30,,,,Credit,nqfqww7MfPh7t
108,5/23/26 6:23 PM,121.71,18.29,0.00,140.00,,,,Credit,sskxRNyF7L9bW
109,5/23/26 6:24 PM,75.30,15.00,0.00,90.30,,,,Credit,yfjNWkN9PpHxN
128,5/23/26 7:17 PM,22.70,5.00,0.00,27.70,,,,Credit,pXnPrbqfFLqmF
120,5/23/26 6:43 PM,113.61,20.00,0.00,133.61,,,,Credit,cYgRWjy7nRdXx
123,5/23/26 6:52 PM,78.44,10.88,0.00,89.32,,,,Credit,TtYfNNpRFrT9x
116,5/23/26 6:38 PM,122.81,0.00,0.00,122.81,,,,Cash,jTsjKcRThWPJM
126,5/23/26 6:58 PM,80.07,20.00,0.00,100.07,,,,Credit,tyCHFsHdkXptf
112,5/23/26 6:28 PM,150.43,30.00,0.00,180.43,,,,Credit,pbzJwHWwKXWsF
125,5/23/26 6:54 PM,20.01,4.00,0.00,24.01,,,,Credit,YxgKymrcmwNPY
129,5/23/26 7:27 PM,35.70,0.00,0.00,35.70,,,,Cash,p9zKWCpsJFXJR
130,5/23/26 7:28 PM,56.26,0.00,0.00,56.26,,,,Cash,KmNjyKK7WsNwm
131,5/23/26 7:39 PM,67.61,12.00,0.00,79.61,,,,Credit,mgnPMCFmfxnCR
132,5/23/26 7:48 PM,74.12,15.00,0.00,89.12,,,,Credit,xcmcygmFc9cJy
4,5/24/26 12:17 PM,1.08,0.00,0.00,1.08,,,,Cash,RqqdrjNmhdhLW
5,5/24/26 12:19 PM,30.30,0.00,0.00,30.30,,,,Credit,x99LcKgyWxmTR
10,5/24/26 12:40 PM,17.32,0.00,0.00,17.32,,,,Cash,M7MdXTTXMMpFX
11,5/24/26 12:41 PM,21.65,0.00,0.00,21.65,,,,Cash,srqC7hbWKdwKf
1,5/24/26 12:02 PM,52.47,10.00,0.00,62.47,,,,Credit,KhsJy7KC7NTws
12,5/24/26 12:45 PM,8.66,0.00,0.00,8.66,,,,Cash,mpC7YkwppLHYC
2,5/24/26 12:03 PM,87.65,30.35,0.00,118.00,,,,Credit,c7LwwjK7h9x7w
13,5/24/26 12:52 PM,8.66,0.00,0.00,8.66,,,,Credit,dLPMJFKjttbXw
14,5/24/26 12:52 PM,5.40,0.00,0.00,5.40,,,,Cash,MTgbnfYpccdyN
15,5/24/26 12:54 PM,7.56,0.00,0.00,7.56,,,,Credit,TTN9KzqLnNPHj
16,5/24/26 12:56 PM,21.65,0.00,0.00,21.65,,,,Credit,dKztKHkTMfnXr
6,5/24/26 12:30 PM,47.15,10.00,0.00,57.15,,,,Credit,9qsrKyKPpCqzs
19,5/24/26 1:04 PM,17.32,0.00,0.00,17.32,,,,Credit,gznMLMbfLsxgn
20,5/24/26 1:04 PM,21.65,0.00,0.00,21.65,,,,Credit,XLHJzNyTFTHfd
8,5/24/26 12:35 PM,72.49,0.00,0.00,72.49,,,,Credit,TTmhgbcFFJLcs
21,5/24/26 1:06 PM,25.98,0.00,0.00,25.98,,,,Credit,ycLmzhWNTYWcC
7,5/24/26 12:34 PM,65.47,15.00,0.00,80.47,,,,Credit,dzNXmyznPbqhP
3,5/24/26 12:06 PM,69.85,14.00,0.00,83.85,,,,Credit,mCCNYrMhPKWcm
25,5/24/26 1:24 PM,8.66,0.00,0.00,8.66,,,,Cash,cqwqrnqbt9txw
26,5/24/26 1:25 PM,8.66,0.00,0.00,8.66,,,,Cash,fdndXsfTqfmRR
9,5/24/26 12:39 PM,28.67,4.00,0.00,32.67,,,,Credit,JRt9LnYPTXgmX
9,5/24/26 12:39 PM,32.47,0.00,0.00,32.47,,,,Cash,rgWsjbwgqwXjC
28,5/24/26 1:28 PM,19.48,0.00,0.00,19.48,,,,Credit,sfdPwzhTtFyrT
17,5/24/26 12:57 PM,49.23,11.00,0.00,60.23,,,,Credit,dPnsLHKMbFMhF
30,5/24/26 1:36 PM,3.88,0.00,0.00,3.88,,,,Cash,rddzWqpkFyfgW
31,5/24/26 1:37 PM,25.98,0.00,0.00,25.98,,,,Credit,TCCxdYYjFNpFx
32,5/24/26 1:39 PM,21.65,4.40,0.00,26.05,,,,Credit,hHqNzdwbmdPhN
29,5/24/26 1:31 PM,23.79,6.21,0.00,30.00,,,,Credit,gyryPhbzstXrK
33,5/24/26 1:47 PM,8.66,1.76,0.00,10.42,,,,Credit,qzfMTCcNM7tNP
34,5/24/26 1:48 PM,12.99,0.00,0.00,12.99,,,,Credit,cHbYytmnb7XsM
35,5/24/26 1:51 PM,12.99,2.16,0.00,15.15,,,,Credit,MNddRsCcKm9LX
23,5/24/26 1:20 PM,29.22,0.00,0.00,29.22,,,,Cash,NxkCzsjMsyNRK
37,5/24/26 1:56 PM,17.32,0.00,0.00,17.32,,,,Credit,kqRdFmWrXYw7k
39,5/24/26 1:57 PM,2.16,0.40,0.00,2.56,,,,Credit,xqxzsPkqJsqxC
27,5/24/26 1:26 PM,110.92,20.00,0.00,130.92,,,,Credit,M797WhLqWz9NR
41,5/24/26 2:05 PM,32.46,5.00,0.00,37.46,,,,Credit,jWcCLX9MHfrfW
42,5/24/26 2:08 PM,12.99,2.16,0.00,15.15,,,,Credit,JkqcC7xRsp9Cx
43,5/24/26 2:18 PM,34.64,0.00,0.00,34.64,,,,Credit,f9wftr9pghLNW
44,5/24/26 2:20 PM,9.74,1.98,0.00,11.72,,,,Credit,tCff9gqpF7bmp
45,5/24/26 2:23 PM,20.55,5.00,0.00,25.55,,,,Credit,yYzX7qcH7rXCF
36,5/24/26 1:52 PM,66.55,13.45,0.00,80.00,,,,Credit,LHhhhWqgbKphH
46,5/24/26 2:30 PM,16.23,3.00,0.00,19.23,,,,Credit,LkPrxXLkrkLRX
49,5/24/26 2:40 PM,20.55,0.00,0.00,20.55,,,,Cash,dL7zXszRfXNrW
51,5/24/26 2:44 PM,16.23,0.00,0.00,16.23,,,,Credit,C7jwNyR7bYH9g
38,5/24/26 1:56 PM,134.34,0.00,0.00,134.34,,,,Cash,FbsbLRkztXgqg
40,5/24/26 2:01 PM,64.91,13.00,0.00,77.91,,,,Credit,FwfmzNbTMxJwp
40,5/24/26 2:01 PM,14.07,5.00,0.00,19.07,,,,Credit,HrhdsjhWjhdY9
54,5/24/26 2:59 PM,8.66,0.00,0.00,8.66,,,,Credit,JLLYqcMnc7hTW
55,5/24/26 3:00 PM,12.99,2.40,0.00,15.39,,,,Credit,mbYcpjMff7NWX
61,5/24/26 3:26 PM,52.66,15.00,0.00,67.66,,,,Credit,RWbTgXsprhNLn
47,5/24/26 2:36 PM,53.01,7.99,0.00,61.00,,,,Credit,HhnpWKyWswTNT
52,5/24/26 2:54 PM,39.49,8.00,0.00,47.49,,,,Credit,w9CJbpHJmPxNy
57,5/24/26 3:21 PM,8.66,0.00,0.00,8.66,,,,Credit,ndXfqmcKMkgLR
59,5/24/26 3:23 PM,12.99,0.00,0.00,12.99,,,,Credit,FwgRsxCNnpzCs
60,5/24/26 3:25 PM,8.66,0.00,0.00,8.66,,,,Credit,L7NrzXthPdCMR
48,5/24/26 2:37 PM,146.90,0.00,0.00,146.90,,,,Credit,7jj7Jf77tKfTK
56,5/24/26 3:04 PM,35.18,4.00,0.00,39.18,,,,Credit,xq9c9pfmYXzdX
63,5/24/26 3:51 PM,75.74,20.00,0.00,95.74,,,,Credit,trNbwgLbgqghL
62,5/24/26 3:39 PM,41.85,14.00,0.00,55.85,,,,Credit,KPPHfwt7m9tdF
65,5/24/26 3:57 PM,50.88,8.46,0.00,59.34,,,,Credit,qKtYj9nWLhcJP
58,5/24/26 3:21 PM,127.11,20.00,23.50,170.61,,,,Credit,LyWmTJqkXMqYM
64,5/24/26 3:53 PM,80.60,20.00,0.00,100.60,,,,Credit,zjjYYKkCHPjdW
67,5/24/26 4:25 PM,17.50,2.00,0.00,19.50,,,,Credit,tjnMjwrJkFMfW
71,5/24/26 4:53 PM,8.66,1.60,0.00,10.26,,,,Credit,MqqMYFXwTkyqz
69,5/24/26 4:43 PM,47.62,10.38,0.00,58.00,,,,Credit,nqJNtJTwnn9yd
68,5/24/26 4:33 PM,32.46,8.00,0.00,40.46,,,,Credit,rtMqfpRxbrpnz
73,5/24/26 4:58 PM,9.74,1.80,0.00,11.54,,,,Credit,hzgbKrx99JRRh
68,5/24/26 4:33 PM,32.46,8.00,0.00,40.46,,,,Credit,dFzcCYmJctfjW
70,5/24/26 4:44 PM,15.15,2.00,0.00,17.15,,,,Credit,ctj7MFwNwWRq9
66,5/24/26 4:09 PM,43.82,6.08,0.00,49.90,,,,Credit,gmYMqYzsNdRbT
66,5/24/26 4:09 PM,38.96,0.00,0.00,38.96,,,,Credit,HHHXbpPyHqyrY
76,5/24/26 5:40 PM,36.76,0.00,0.00,36.76,,,,Cash,9qgbKgdKTNxwk
80,5/24/26 5:48 PM,8.66,0.50,0.00,9.16,,,,Credit,Tj9NXxYFztqgs
75,5/24/26 5:32 PM,54.77,0.00,0.00,54.77,,,,Credit,JCggxpnznRFMC
75,5/24/26 5:32 PM,54.77,0.00,0.00,54.77,,,,Credit,hW7ttmp7qJnz9
78,5/24/26 5:45 PM,84.94,15.70,0.00,100.64,,,,Credit,hTknjTNMXYKKC
77,5/24/26 5:44 PM,86.32,0.00,0.00,86.32,,,,Credit,hH9PkcWgqJKYK
77,5/24/26 5:44 PM,86.32,36.00,0.00,122.32,,,,Credit,k7XyTfhdWFWT7
88,5/24/26 6:35 PM,8.66,2.00,0.00,10.66,,,,Credit,hxcnYwYnpyfWx
84,5/24/26 6:18 PM,97.58,20.00,0.00,117.58,,,,Credit,yMFTHqksmdJHF
83,5/24/26 6:12 PM,102.35,20.00,0.00,122.35,,,,Credit,ftJhjHR9bfqKN
85,5/24/26 6:22 PM,53.57,10.00,0.00,63.57,,,,Credit,YrwcnmKWkrmzw
92,5/24/26 7:10 PM,9.19,1.00,0.00,10.19,,,,Credit,xbsx9P9XFLmKt
89,5/24/26 6:42 PM,47.06,10.00,0.00,57.06,,,,Credit,FsFc9FCNNrWKH
86,5/24/26 6:28 PM,100.07,20.00,0.00,120.07,,,,Credit,TqWkTwys7zHsk
90,5/24/26 6:56 PM,72.52,15.96,0.00,88.48,,,,Credit,wdsgkWNfNzCzF
91,5/24/26 7:02 PM,49.24,8.00,0.00,57.24,,,,Credit,LqdCyPsqwb7Jg
79,5/24/26 5:47 PM,156.87,0.00,0.00,156.87,,,,Cash,JNzhwHXFrNqpn
2,5/25/26 12:04 PM,38.97,1.00,0.00,39.97,,,,Credit,PWqncNmcnnTfx
3,5/25/26 12:30 PM,25.98,0.00,0.00,25.98,,,,Credit,qfgcYpNgsMszm
6,5/25/26 12:45 PM,12.99,1.00,0.00,13.99,,,,Credit,LbKR77R7qfnNb
7,5/25/26 12:46 PM,21.65,3.50,0.00,25.15,,,,Credit,qRznnMWdXxHgp
9,5/25/26 12:49 PM,12.99,2.16,0.00,15.15,,,,Credit,bHTzzyMwptFXL
8,5/25/26 12:47 PM,22.72,0.00,0.00,22.72,,,,Credit,YqkJFbgFrYPRn
11,5/25/26 12:49 PM,12.99,2.00,0.00,14.99,,,,Credit,rxhJxTPmCftjh
4,5/25/26 12:37 PM,66.54,15.00,0.00,81.54,,,,Credit,TJJj7TPTwxWKK
5,5/25/26 12:43 PM,52.48,10.00,0.00,62.48,,,,Credit,sfFzrPHH7XhXm
18,5/25/26 1:16 PM,21.65,0.00,0.00,21.65,,,,Credit,rkHPLCmNzJ7dY
5,5/25/26 12:43 PM,65.47,10.00,0.00,75.47,,,,Credit,PnKtMCHzqCxjL
19,5/25/26 1:18 PM,17.32,4.00,0.00,21.32,,,,Credit,cyYzqXrJ7TrKT
20,5/25/26 1:20 PM,12.99,2.16,0.00,15.15,,,,Credit,7cbnYFYyfC7Tb
16,5/25/26 1:08 PM,40.03,8.00,0.00,48.03,,,,Credit,z7hyPcFjYhKCL
12,5/25/26 12:55 PM,124.97,30.00,0.00,154.97,,,,Credit,tPHKmHhCHswqz
21,5/25/26 1:29 PM,12.99,0.00,0.00,12.99,,,,Credit,fd9PmrKryHnRW
13,5/25/26 1:00 PM,90.33,25.00,0.00,115.33,,,,Credit,ssTF7ckKbhs7g
14,5/25/26 1:02 PM,68.17,14.00,0.00,82.17,,,,Credit,YCqqL7PkmgChf
23,5/25/26 1:36 PM,12.99,2.40,0.00,15.39,,,,Credit,7gFrrNXwmNfgt
15,5/25/26 1:05 PM,7.68,0.00,0.00,7.68,,,,Credit,mJHLrshFYr9Pd
15,5/25/26 1:05 PM,7.68,0.00,0.00,7.68,,,,Credit,9fMX7wTMt9LKn
15,5/25/26 1:05 PM,7.68,0.00,0.00,7.68,,,,Credit,hNqsNpbTqWzMX
15,5/25/26 1:05 PM,63.26,0.00,11.70,74.96,,,,Credit,TChhYrnHwXCXs
15,5/25/26 1:05 PM,27.59,0.00,5.10,32.69,,,,Credit,gfdyCTcKFdKJK
15,5/25/26 1:05 PM,29.21,0.00,5.40,34.61,,,,Credit,zbCRdMcxTJxLY
15,5/25/26 1:05 PM,20.55,0.00,3.80,24.35,,,,Credit,wdtqLpCPqPYXR
15,5/25/26 1:05 PM,13.53,0.00,2.50,16.03,,,,Credit,ggTCFCH9RtxXJ
15,5/25/26 1:05 PM,6.48,3.00,1.20,10.68,,,,Credit,RxcznXKRMLcKR
31,5/25/26 1:55 PM,8.66,1.44,0.00,10.10,,,,Credit,sTzrzXHyHWfcr
33,5/25/26 2:01 PM,30.31,3.00,0.00,33.31,,,,Credit,bNtbFhxxrhHTR
30,5/25/26 1:53 PM,74.67,15.18,0.00,89.85,,,,Credit,F7jNKJXzz9Hhd
35,5/25/26 2:03 PM,17.32,0.00,0.00,17.32,,,,Credit,rjwPpCFsknW7x
24,5/25/26 1:42 PM,59.52,7.00,0.00,66.52,,,,Credit,RJb9chPFrdtMH
36,5/25/26 2:07 PM,12.99,0.00,0.00,12.99,,,,Credit,hdztCcK9HtXjX
37,5/25/26 2:09 PM,8.66,1.60,0.00,10.26,,,,Credit,R7zrKHfNYChkc
38,5/25/26 2:10 PM,8.66,0.00,0.00,8.66,,,,Credit,WnnrCzYMjrfNw
32,5/25/26 1:58 PM,19.46,4.00,0.00,23.46,,,,Credit,mPbkcRqrxcNdp
22,5/25/26 1:31 PM,8.66,2.00,0.00,10.66,,,,Credit,nnYdTdsFjrMXL
22,5/25/26 1:31 PM,26.60,4.00,0.00,30.60,,,,Credit,7LbfjmMFCYCbX
34,5/25/26 2:01 PM,76.35,15.00,0.00,91.35,,,,Credit,YxwmpwXYXdptK
42,5/25/26 2:29 PM,12.99,2.16,0.00,15.15,,,,Credit,fMsfjshkCcTWX
43,5/25/26 2:34 PM,12.99,0.00,0.00,12.99,,,,Credit,mNrYjrJJqtg7c
45,5/25/26 2:38 PM,8.66,1.76,0.00,10.42,,,,Credit,zg7JFMNjhPfwq
46,5/25/26 2:41 PM,25.98,0.00,0.00,25.98,,,,Credit,yjCjdXXW7j7Kh
39,5/25/26 2:10 PM,110.37,0.00,0.00,110.37,,,,Credit,ynjwFwJzWMpys
47,5/25/26 2:59 PM,8.66,1.60,0.00,10.26,,,,Credit,hMNffKjNFRyKp
41,5/25/26 2:22 PM,60.59,14.41,0.00,75.00,,,,Credit,zsmgK9RwytswY
48,5/25/26 3:02 PM,13.51,1.00,0.00,14.51,,,,Credit,9JCwt9JNJpyWP
50,5/25/26 3:05 PM,8.66,1.76,0.00,10.42,,,,Credit,97pKmnxqXRbg9
51,5/25/26 3:10 PM,17.32,0.00,0.00,17.32,,,,Credit,yXRbFJPHJYytf
52,5/25/26 3:20 PM,34.64,6.40,0.00,41.04,,,,Credit,YMLnYm7MmgHCj
49,5/25/26 3:03 PM,15.15,4.85,0.00,20.00,,,,Credit,HTWkyrn7q7FJL
44,5/25/26 2:38 PM,124.45,0.00,0.00,124.45,,,,Cash,sdwT9gk9n79PN
54,5/25/26 3:55 PM,17.32,2.88,0.00,20.20,,,,Credit,zR7zhPcLyHss7
53,5/25/26 3:51 PM,68.89,15.00,0.00,83.89,,,,Credit,cTzCcdHgY9wFM
56,5/25/26 4:03 PM,62.76,10.00,0.00,72.76,,,,Credit,jKKWJcwMHbJmH
58,5/25/26 4:12 PM,66.02,10.00,0.00,76.02,,,,Credit,YqjHHnYbJfLWK
60,5/25/26 4:48 PM,12.99,2.16,0.00,15.15,,,,Credit,NMcWqwfqPkRNy
55,5/25/26 3:56 PM,28.13,7.00,0.00,35.13,,,,Credit,zHyHyn9jMHykM
57,5/25/26 4:05 PM,79.15,15.00,0.00,94.15,,,,Credit,LyRmhhJjjRqXT
59,5/25/26 4:24 PM,87.66,17.34,0.00,105.00,,,,Credit,xLqnqYPxkJLN9
65,5/25/26 5:11 PM,25.98,4.32,0.00,30.30,,,,Credit,Tc7WqWhXykfNb
61,5/25/26 4:49 PM,88.18,10.00,0.00,98.18,,,,Credit,H9rcxhJFcdpCg
67,5/25/26 5:34 PM,23.86,0.00,0.00,23.86,,,,Credit,MsyddXkbsjr7b
62,5/25/26 4:57 PM,59.49,12.51,0.00,72.00,,,,Credit,7kjYsLfmxk7nm
62,5/25/26 4:57 PM,59.49,10.00,0.00,69.49,,,,Credit,kky9MmX9gJswP
63,5/25/26 5:07 PM,73.03,10.00,0.00,83.03,,,,Credit,pkhwHfCFyrTxJ
66,5/25/26 5:24 PM,35.70,6.50,0.00,42.20,,,,Credit,JYpWYkktKr9hr
66,5/25/26 5:24 PM,35.70,6.50,0.00,42.20,,,,Credit,jPmgLHg9NpNPy
69,5/25/26 5:56 PM,22.72,0.00,0.00,22.72,,,,Cash,XCcRFfsJPLKdY
71,5/25/26 6:22 PM,69.87,15.00,0.00,84.87,,,,Credit,xXJwpCN97Pgnc
73,5/25/26 7:10 PM,71.42,14.00,0.00,85.42,,,,Credit,XnbMxWxqyXLfC
73,5/25/26 7:10 PM,31.39,0.00,0.00,31.39,,,,Cash,zffjXxNPcH9Cj
75,5/25/26 7:13 PM,94.67,0.00,0.00,94.67,,,,Cash,XwP9cpzzCFgPM
74,5/25/26 7:13 PM,99.53,0.00,0.00,99.53,,,,Credit,YX9mrgXzpjccL
76,5/25/26 7:16 PM,107.37,0.00,0.00,107.37,,,,Cash,yCPCgtjFggk7R
3,5/26/26 5:44 PM,37.33,7.50,0.00,44.83,,,,Credit,hkwrjknTCHL9P
2,5/26/26 5:27 PM,149.95,30.00,0.00,179.95,,,,Credit,97kMMbxswPWrM
1,5/26/26 5:09 PM,101.71,20.00,0.00,121.71,,,,Credit,FF9yxFLcHFpLq
5,5/26/26 6:13 PM,74.10,13.70,0.00,87.80,,,,Credit,hsf9qfszTMmMT
4,5/26/26 6:10 PM,146.51,30.00,0.00,176.51,,,,Credit,gpmYPwqtkqkLT
9,5/26/26 6:28 PM,80.60,16.00,0.00,96.60,,,,Credit,htyxMfmqjPxJT
8,5/26/26 6:26 PM,42.75,15.00,0.00,57.75,,,,Credit,bL9m9LqcTtyLn
7,5/26/26 6:18 PM,90.63,14.00,0.00,104.63,,,,Credit,PCYwdkjrfKhKf
7,5/26/26 6:18 PM,70.59,14.00,0.00,84.59,,,,Credit,mtMf9pXmpxqww
12,5/26/26 7:25 PM,66.02,15.00,0.00,81.02,,,,Credit,hPmWfMtFNxWyC
11,5/26/26 6:54 PM,114.84,23.00,0.00,137.84,,,,Credit,JpfWsfxxb77g9
6,5/26/26 6:17 PM,300.02,0.00,55.45,355.47,,,,Credit,bYhyhCzbrphFP
14,5/26/26 7:33 PM,90.35,14.65,0.00,105.00,,,,Credit,9d7MLxnkCFcnh
10,5/26/26 6:54 PM,223.77,0.00,41.36,265.13,,,,Credit,wNmhHLwspPmTq
13,5/26/26 7:27 PM,36.77,10.00,0.00,46.77,,,,Credit,bgYYprMpKJW9P
