Type,Menu,Menu group,Sub groups,"Item, open item",Size modifier,"Modifiers, special requests",Sales Category,Item tags,Deferred,% of total qty sold,% of menu qty sold,% of group qty sold,% of total gross sales,% of menu gross sales,% of group gross sales,% of total discount amount,% of menu discount amount,% of group discount amount,% of total refund amount,% of menu refund amount,% of group refund amount,% of total net sales,% of menu net sales,% of group net sales,% of total tax,% of menu tax,% of group tax,% of total void amount,% of menu void amount,% of group void amount,% of total waste count,% of menu waste count,% of group waste count,% of total waste amount,% of menu waste amount,% of group waste amount,% of total voided gross sales,% of menu voided gross sales,% of group voided gross sales,% of total item qty incl. voids,% of menu item qty incl. voids,% of group item qty incl. voids,% of total gross amount incl. voids,% of menu gross amount incl. voids,% of group gross amount incl. voids,% of total voided qty sold,% of menu voided qty sold,% of group voided qty sold
,Food,,,,,,,,,67.89,100.00,,74.99,100.00,,84.11,100.00,,,,,74.83,100.00,,76.27,100.00,,65.32,100.00,,,,,,,,65.32,100.00,,67.60,100.00,,74.78,100.00,,56.94,100.00,
,Food,Appetizers,,,,,,,,15.05,22.17,100.00,10.30,13.74,100.00,10.20,12.13,100.00,,,,10.30,13.77,100.00,10.54,13.81,100.00,12.22,18.70,100.00,,,,,,,12.22,18.70,100.00,15.06,22.27,100.00,10.34,13.83,100.00,15.31,26.89,100.00
menuItem,Food,Appetizers,,Bread Plate,,,Food,[],false,4.29,6.32,28.52,1.32,1.76,12.81,2.14,2.55,21.01,,,,1.30,1.74,12.66,1.33,1.75,12.65,1.72,2.64,14.11,,,,,,,1.72,2.64,14.11,4.31,6.37,28.60,1.33,1.78,12.84,4.78,8.40,31.25
menuItem,Food,Appetizers,,Bruschetta,,,Food,[],false,1.22,1.79,8.08,1.12,1.49,10.83,0.14,0.16,1.33,,,,1.13,1.51,11.00,1.16,1.52,11.00,1.03,1.58,8.46,,,,,,,1.03,1.58,8.46,1.21,1.79,8.03,1.11,1.49,10.77,0.96,1.68,6.25
menuItem,Food,Appetizers,,Clams Appetizer,,,Food,[],false,0.08,0.11,0.52,0.09,0.13,0.92,0.00,0.00,0.00,,,,0.10,0.13,0.94,0.10,0.13,0.93,0.00,0.00,0.00,,,,,,,0.00,0.00,0.00,0.08,0.11,0.50,0.09,0.12,0.90,0.00,0.00,0.00
menuItem,Food,Appetizers,,Clams,,,Food,[],false,0.39,0.57,2.58,0.47,0.63,4.61,0.71,0.84,6.93,,,,0.47,0.63,4.57,0.48,0.63,4.54,2.76,4.22,22.57,,,,,,,2.76,4.22,22.57,0.43,0.63,2.84,0.53,0.70,5.09,1.91,3.36,12.50
menuItem,Food,Appetizers,,Fried Mozzerella,,,Food,[],false,2.46,3.62,16.32,2.34,3.12,22.71,0.99,1.17,9.67,,,,2.36,3.16,22.94,2.41,3.17,22.91,3.22,4.93,26.33,,,,,,,3.22,4.93,26.33,2.47,3.65,16.39,2.36,3.15,22.81,2.87,5.04,18.75
menuItem,Food,Appetizers,,Garlic Bread,,,Food,[],false,3.21,4.72,21.31,2.40,3.20,23.32,2.91,3.45,28.48,,,,2.39,3.20,23.23,2.46,3.23,23.37,0.84,1.29,6.90,,,,,,,0.84,1.29,6.90,3.15,4.66,20.90,2.37,3.17,22.89,0.96,1.68,6.25
menuItem,Food,Appetizers,,Meatball App,,,Food,[],false,1.63,2.40,10.82,0.89,1.18,8.61,1.04,1.23,10.17,,,,0.88,1.18,8.58,0.91,1.19,8.61,1.84,2.81,15.05,,,,,,,1.84,2.81,15.05,1.66,2.46,11.04,0.91,1.21,8.78,2.87,5.04,18.75
menuItem,Food,Appetizers,,Mussles Appetizer,,,Food,[],false,0.90,1.33,6.01,1.11,1.48,10.76,1.91,2.27,18.74,,,,1.09,1.46,10.62,1.11,1.46,10.54,0.00,0.00,0.00,,,,,,,0.00,0.00,0.00,0.88,1.30,5.85,1.08,1.45,10.47,0.00,0.00,0.00
menuItem,Food,Appetizers,,Zucchini Patties APPETIZER,,,Food,[],false,0.67,0.99,4.47,0.41,0.55,4.00,0.37,0.44,3.66,,,,0.41,0.55,4.00,0.42,0.55,4.00,0.00,0.00,0.00,,,,,,,0.00,0.00,0.00,0.65,0.97,4.35,0.40,0.54,3.89,0.00,0.00,0.00
menuItem,Food,Appetizers,,Setti Soup,,,Food,[],false,0.21,0.30,1.37,0.15,0.20,1.43,0.00,0.00,0.00,,,,0.15,0.20,1.46,0.15,0.20,1.44,0.80,1.23,6.58,,,,,,,0.80,1.23,6.58,0.23,0.34,1.51,0.16,0.22,1.57,0.96,1.68,6.25
,Food,Salad,,,,,,,,5.95,8.76,100.00,3.37,4.49,100.00,3.93,4.67,100.00,,,,3.36,4.49,100.00,3.41,4.47,100.00,4.98,7.62,100.00,,,,,,,4.98,7.62,100.00,6.04,8.94,100.00,3.41,4.56,100.00,9.57,16.81,100.00
menuItem,Food,Salad,,Caesar LG,,,Food,[],false,0.28,0.42,4.78,0.16,0.22,4.83,0.00,0.00,0.00,,,,0.17,0.22,4.93,0.17,0.22,4.97,0.61,0.94,12.31,,,,,,,0.61,0.94,12.31,0.30,0.45,5.00,0.17,0.23,5.07,0.96,1.68,10.00
menuItem,Food,Salad,,Caesar SM,,,Food,[],false,1.16,1.71,19.57,0.48,0.65,14.38,0.00,0.00,0.00,,,,0.49,0.66,14.68,0.49,0.65,14.45,2.99,4.57,60.00,,,,,,,2.99,4.57,60.00,1.28,1.90,21.25,0.54,0.72,15.88,5.74,10.08,60.00
menuItem,Food,Salad,,Caprese,,,Food,[],false,1.14,1.68,19.13,0.93,1.24,27.56,1.00,1.19,25.43,,,,0.93,1.24,27.60,0.95,1.25,27.85,0.00,0.00,0.00,,,,,,,0.00,0.00,0.00,1.11,1.64,18.33,0.91,1.21,26.65,0.00,0.00,0.00
menuItem,Food,Salad,,House LG,,,Food,[],false,0.39,0.57,6.52,0.21,0.28,6.26,0.45,0.53,11.40,,,,0.21,0.28,6.16,0.21,0.28,6.21,0.00,0.00,0.00,,,,,,,0.00,0.00,0.00,0.38,0.56,6.25,0.21,0.28,6.06,0.00,0.00,0.00
menuItem,Food,Salad,,House SM,,,Food,[],false,1.40,2.06,23.48,0.57,0.76,16.91,1.35,1.60,34.36,,,,0.56,0.74,16.55,0.55,0.73,16.26,1.38,2.11,27.69,,,,,,,1.38,2.11,27.69,1.44,2.12,23.75,0.59,0.79,17.26,2.87,5.04,30.00
menuItem,Food,Salad,,Tomato/Cucumber,,,Food,[],false,0.47,0.69,7.83,0.25,0.34,7.52,0.00,0.00,0.00,,,,0.26,0.34,7.67,0.26,0.35,7.75,0.00,0.00,0.00,,,,,,,0.00,0.00,0.00,0.45,0.67,7.50,0.25,0.33,7.27,0.00,0.00,0.00
menuItem,Food,Salad,,Wedge,,,Food,[],false,1.11,1.64,18.70,0.76,1.01,22.55,1.13,1.34,28.80,,,,0.75,1.01,22.42,0.77,1.01,22.50,0.00,0.00,0.00,,,,,,,0.00,0.00,0.00,1.08,1.60,17.92,0.74,0.99,21.81,0.00,0.00,0.00
,Food,Entree,,,,,,,,35.26,51.93,100.00,53.96,71.95,100.00,63.73,75.77,100.00,,,,53.78,71.88,100.00,54.84,71.90,100.00,40.27,61.65,100.00,,,,,,,40.27,61.65,100.00,34.87,51.58,100.00,53.65,71.75,100.00,20.57,36.13,100.00
menuItem,Food,Entree,,Chicken Caesar Salad,,,Food,[],false,0.21,0.30,0.59,0.18,0.24,0.34,0.00,0.00,0.00,,,,0.19,0.25,0.35,0.19,0.25,0.35,0.00,0.00,0.00,,,,,,,0.00,0.00,0.00,0.20,0.30,0.58,0.18,0.24,0.33,0.00,0.00,0.00
menuItem,Food,Entree,,Chicken Parm,,,Food,[],false,3.57,5.26,10.12,5.72,7.63,10.60,5.28,6.28,8.29,,,,5.73,7.66,10.65,5.85,7.67,10.67,1.92,2.93,4.76,,,,,,,1.92,2.93,4.76,3.50,5.18,10.04,5.64,7.54,10.50,0.96,1.68,4.65
menuItem,Food,Entree,,Clams Dinner,,,Food,[],false,0.16,0.23,0.44,0.26,0.34,0.48,0.00,0.00,0.00,,,,0.26,0.35,0.49,0.27,0.35,0.49,1.84,2.81,4.56,,,,,,,1.84,2.81,4.56,0.18,0.26,0.51,0.29,0.39,0.54,0.96,1.68,4.65
menuItem,Food,Entree,,Eggplant Parm,,,Food,[],false,2.64,3.88,7.48,3.94,5.25,7.30,8.29,9.85,13.00,,,,3.86,5.16,7.17,3.93,5.16,7.17,0.00,0.00,0.00,,,,,,,0.00,0.00,0.00,2.57,3.80,7.36,3.85,5.15,7.17,0.00,0.00,0.00
menuItem,Food,Entree,,Lasagna,,,Food,[],false,5.69,8.38,16.13,8.17,10.89,15.13,13.47,16.01,21.13,,,,8.07,10.79,15.01,8.22,10.78,14.99,3.22,4.93,7.99,,,,,,,3.22,4.93,7.99,5.59,8.27,16.03,8.05,10.77,15.01,1.91,3.36,9.30
menuItem,Food,Entree,,Mussels Dinner,,,Food,[],false,0.57,0.84,1.61,0.90,1.20,1.66,1.83,2.17,2.86,,,,0.88,1.18,1.64,0.90,1.18,1.64,3.52,5.39,8.75,,,,,,,3.52,5.39,8.75,0.60,0.89,1.73,0.96,1.28,1.78,1.91,3.36,9.30
menuItem,Food,Entree,,Pangasius,,,Food,[],false,0.47,0.69,1.32,0.77,1.03,1.43,0.00,0.00,0.00,,,,0.78,1.05,1.46,0.80,1.05,1.47,0.00,0.00,0.00,,,,,,,0.00,0.00,0.00,0.45,0.67,1.30,0.75,1.01,1.40,0.00,0.00,0.00
menuItem,Food,Entree,,Pasta Alfredo,,,Food,[],false,3.93,5.79,11.15,6.35,8.46,11.76,7.18,8.54,11.27,,,,6.33,8.46,11.77,6.44,8.45,11.75,15.55,23.81,38.61,,,,,,,15.55,23.81,38.61,4.03,5.96,11.55,6.55,8.77,12.22,7.66,13.45,37.21
menuItem,Food,Entree,,Pasta Carbonara,,,Food,[],false,4.46,6.57,12.65,7.65,10.21,14.19,6.43,7.65,10.09,,,,7.68,10.26,14.27,7.82,10.26,14.27,5.23,8.00,12.98,,,,,,,5.23,8.00,12.98,4.41,6.52,12.64,7.60,10.16,14.16,2.39,4.20,11.63
menuItem,Food,Entree,,Pasta Pesto,,,Food,[],false,3.52,5.18,9.97,5.82,7.76,10.78,1.56,1.85,2.44,,,,5.89,7.88,10.96,6.00,7.87,10.95,2.26,3.46,5.61,,,,,,,2.26,3.46,5.61,3.45,5.10,9.89,5.74,7.67,10.69,0.96,1.68,4.65
menuItem,Food,Entree,,Primavera,,,Food,[],false,1.09,1.60,3.08,1.39,1.85,2.57,2.33,2.76,3.65,,,,1.37,1.83,2.55,1.39,1.83,2.54,1.99,3.05,4.95,,,,,,,1.99,3.05,4.95,1.08,1.60,3.10,1.40,1.87,2.61,0.96,1.68,4.65
menuItem,Food,Entree,,RED Primavera,,,Food,[],false,0.13,0.19,0.37,0.16,0.21,0.29,0.00,0.00,0.00,,,,0.16,0.22,0.30,0.16,0.21,0.30,0.00,0.00,0.00,,,,,,,0.00,0.00,0.00,0.13,0.19,0.36,0.15,0.21,0.29,0.00,0.00,0.00
menuItem,Food,Entree,,Scampi,,,Food,[],false,0.90,1.33,2.57,1.48,1.97,2.74,1.31,1.56,2.06,,,,1.48,1.98,2.76,1.52,2.00,2.78,0.00,0.00,0.00,,,,,,,0.00,0.00,0.00,0.88,1.30,2.53,1.45,1.94,2.70,0.00,0.00,0.00
menuItem,Food,Entree,,Sorrentino,,,Food,[],false,0.70,1.03,1.98,1.17,1.55,2.16,3.02,3.59,4.74,,,,1.13,1.51,2.11,1.16,1.52,2.12,0.00,0.00,0.00,,,,,,,0.00,0.00,0.00,0.68,1.01,1.95,1.14,1.52,2.12,0.00,0.00,0.00
menuItem,Food,Entree,,Spag Pie,,,Food,[],false,1.60,2.36,4.55,2.10,2.80,3.89,3.92,4.67,6.16,,,,2.06,2.76,3.84,2.10,2.75,3.82,0.00,0.00,0.00,,,,,,,0.00,0.00,0.00,1.56,2.31,4.48,2.05,2.74,3.82,0.00,0.00,0.00
menuItem,Food,Entree,,Spaghetti,,,Food,[],false,1.09,1.60,3.08,1.11,1.48,2.05,0.00,0.00,0.00,,,,1.13,1.51,2.10,1.15,1.51,2.10,1.07,1.64,2.66,,,,,,,1.07,1.64,2.66,1.08,1.60,3.10,1.11,1.48,2.06,0.96,1.68,4.65
menuItem,Food,Entree,,Spaghetti & Meatballs,,,Food,[],false,1.94,2.86,5.50,2.68,3.58,4.97,3.16,3.76,4.96,,,,2.68,3.58,4.97,2.73,3.58,4.98,0.00,0.00,0.00,,,,,,,0.00,0.00,0.00,1.89,2.79,5.42,2.62,3.51,4.89,0.00,0.00,0.00
menuItem,Food,Entree,,White truffle Chicken,,,Food,[],false,2.20,3.24,6.23,3.66,4.88,6.78,4.12,4.90,6.47,,,,3.65,4.88,6.79,3.74,4.90,6.82,3.68,5.63,9.13,,,,,,,3.68,5.63,9.13,2.19,3.24,6.28,3.66,4.89,6.82,1.91,3.36,9.30
menuItem,Food,Entree,,Zucc Patty Pasta,,,Food,[],false,0.41,0.61,1.17,0.47,0.63,0.87,1.83,2.18,2.87,,,,0.45,0.60,0.83,0.45,0.60,0.83,0.00,0.00,0.00,,,,,,,0.00,0.00,0.00,0.40,0.60,1.16,0.46,0.62,0.86,0.00,0.00,0.00
,Food,Kids Meal,,,,,,,,1.27,1.87,100.00,0.72,0.96,100.00,0.12,0.14,100.00,,,,0.73,0.97,100.00,0.75,0.98,100.00,1.84,2.81,100.00,,,,,,,1.84,2.81,100.00,1.31,1.94,100.00,0.74,0.99,100.00,2.87,5.04,100.00
menuItem,Food,Kids Meal,,Cheese Pizza Bread,,,Food,[],false,0.05,0.08,4.08,0.03,0.04,3.93,0.00,0.00,0.00,,,,0.03,0.04,3.94,0.03,0.04,3.94,1.23,1.88,66.67,,,,,,,1.23,1.88,66.67,0.10,0.15,7.69,0.06,0.07,7.42,1.91,3.36,66.67
menuItem,Food,Kids Meal,,Kids Fettucini,,,Food,[],false,0.31,0.46,24.49,0.18,0.24,24.91,0.00,0.00,0.00,,,,0.18,0.24,24.98,0.19,0.24,24.94,0.00,0.00,0.00,,,,,,,0.00,0.00,0.00,0.30,0.45,23.08,0.17,0.23,23.52,0.00,0.00,0.00
menuItem,Food,Kids Meal,,Kids Spaghetti,,,Food,[],false,0.70,1.03,55.10,0.40,0.53,55.46,0.12,0.14,100.00,,,,0.40,0.54,55.33,0.41,0.54,55.35,0.61,0.94,33.33,,,,,,,0.61,0.94,33.33,0.70,1.04,53.85,0.40,0.54,54.23,0.96,1.68,33.33
menuItem,Food,Kids Meal,,Pepperoni Pizza Bread,,,Food,[],false,0.21,0.30,16.33,0.11,0.15,15.71,0.00,0.00,0.00,,,,0.11,0.15,15.75,0.12,0.15,15.77,0.00,0.00,0.00,,,,,,,0.00,0.00,0.00,0.20,0.30,15.38,0.11,0.15,14.83,0.00,0.00,0.00
,Food,Desserts,,,,,,,,10.37,15.27,100.00,6.65,8.86,100.00,6.13,7.29,100.00,,,,6.66,8.89,100.00,6.74,8.83,100.00,6.01,9.21,100.00,,,,,,,6.01,9.21,100.00,10.32,15.27,100.00,6.63,8.87,100.00,8.61,15.13,100.00
menuItem,Food,Desserts,,Cannoli,,,Food,[],false,3.88,5.71,37.41,2.24,2.99,33.74,2.82,3.35,45.99,,,,2.23,2.98,33.54,2.25,2.95,33.45,3.26,4.98,54.14,,,,,,,3.26,4.98,54.14,3.90,5.77,37.80,2.27,3.03,34.15,4.78,8.40,55.56
menuItem,Food,Desserts,,Lemon Cream Cake,,,Food,[],false,1.55,2.29,14.96,1.27,1.69,19.05,0.48,0.57,7.84,,,,1.28,1.71,19.24,1.31,1.72,19.47,0.00,0.00,0.00,,,,,,,0.00,0.00,0.00,1.51,2.23,14.63,1.24,1.66,18.66,0.00,0.00,0.00
menuItem,Food,Desserts,,Mini Cannoli,,,Food,[],false,0.80,1.18,7.73,0.18,0.24,2.70,0.00,0.00,0.00,,,,0.18,0.24,2.74,0.19,0.24,2.77,0.00,0.00,0.00,,,,,,,0.00,0.00,0.00,0.78,1.15,7.56,0.18,0.23,2.64,0.00,0.00,0.00
menuItem,Food,Desserts,,Tiramisu,,,Food,[],false,2.40,3.54,23.19,2.04,2.73,30.76,2.70,3.21,44.04,,,,2.03,2.72,30.54,2.05,2.68,30.39,0.96,1.47,15.92,,,,,,,0.96,1.47,15.92,2.37,3.50,22.93,2.02,2.70,30.46,0.96,1.68,11.11
menuItem,Food,Desserts,,New York Cheese Cake,,,Food,[],false,1.09,1.60,10.47,0.63,0.84,9.45,0.00,0.00,0.00,,,,0.64,0.85,9.60,0.65,0.85,9.58,1.30,1.99,21.66,,,,,,,1.30,1.99,21.66,1.11,1.64,10.73,0.64,0.86,9.70,1.91,3.36,22.22
menuItem,Food,Desserts,,Chocolate Cake,,,Food,[],false,0.65,0.95,6.23,0.29,0.38,4.30,0.13,0.15,2.12,,,,0.29,0.39,4.34,0.29,0.38,4.34,0.50,0.76,8.28,,,,,,,0.50,0.76,8.28,0.65,0.97,6.34,0.29,0.39,4.38,0.96,1.68,11.11
,Beer & Wine,,,,,,,,,11.20,100.00,,9.81,100.00,,12.18,100.00,,,,,9.76,100.00,,9.97,100.00,,14.78,100.00,,,,,,,,14.78,100.00,,11.30,100.00,,9.92,100.00,,15.31,100.00,
,Beer & Wine,Beer,,,,,,,,3.15,28.18,100.00,1.37,13.99,100.00,1.62,13.28,100.00,,,,1.37,14.01,100.00,1.38,13.84,100.00,0.92,6.22,100.00,,,,,,,0.92,6.22,100.00,3.12,27.62,100.00,1.36,13.73,100.00,1.91,12.50,100.00
menuItem,Beer & Wine,Beer,,Bottle Coors banquet,,,Wine,[],false,0.49,4.39,15.57,0.17,1.70,12.18,0.00,0.00,0.00,,,,0.17,1.74,12.44,0.17,1.70,12.26,0.38,2.59,41.67,,,,,,,0.38,2.59,41.67,0.50,4.45,16.13,0.17,1.73,12.63,0.96,6.25,50.00
menuItem,Beer & Wine,Beer,,Bottle Coors Light,,,Wine,[],false,0.47,4.16,14.75,0.16,1.61,11.54,0.00,0.00,0.00,,,,0.16,1.65,11.78,0.16,1.61,11.62,0.00,0.00,0.00,,,,,,,0.00,0.00,0.00,0.45,4.01,14.52,0.15,1.56,11.36,0.00,0.00,0.00
menuItem,Beer & Wine,Beer,,Bottle Moretti,,,Wine,[],false,0.34,3.00,10.66,0.16,1.63,11.67,0.51,4.18,31.47,,,,0.15,1.58,11.25,0.16,1.56,11.30,0.00,0.00,0.00,,,,,,,0.00,0.00,0.00,0.33,2.90,10.48,0.16,1.58,11.49,0.00,0.00,0.00
menuItem,Beer & Wine,Beer,,Bottle New Belg 1554,,,Wine,[],false,0.44,3.93,13.93,0.21,2.13,15.26,0.13,1.04,7.87,,,,0.21,2.16,15.41,0.21,2.15,15.51,0.00,0.00,0.00,,,,,,,0.00,0.00,0.00,0.43,3.79,13.71,0.20,2.06,15.03,0.00,0.00,0.00
menuItem,Beer & Wine,Beer,,Bottle Peroni,,,Wine,[],false,0.88,7.85,27.87,0.42,4.27,30.51,0.30,2.44,18.40,,,,0.42,4.31,30.77,0.43,4.28,30.90,0.00,0.00,0.00,,,,,,,0.00,0.00,0.00,0.86,7.57,27.42,0.41,4.13,30.05,0.00,0.00,0.00
menuItem,Beer & Wine,Beer,,Bottle Stella,,,Wine,[],false,0.54,4.85,17.21,0.26,2.64,18.85,0.68,5.61,42.26,,,,0.25,2.57,18.35,0.25,2.55,18.41,0.54,3.63,58.33,,,,,,,0.54,3.63,58.33,0.55,4.90,17.74,0.26,2.67,19.44,0.96,6.25,50.00
,Beer & Wine,Red Bottle,,,,,,,,0.75,6.70,100.00,1.87,19.07,100.00,1.07,8.80,100.00,,,,1.88,19.30,100.00,1.92,19.30,100.00,0.00,0.00,,,,,,,,0.00,0.00,,0.73,6.46,100.00,1.83,18.43,100.00,0.00,0.00,
menuItem,Beer & Wine,Red Bottle,,BTL Al Verdi Sangiovese,,,Wine,[],false,0.08,0.69,10.34,0.16,1.67,8.75,0.00,0.00,0.00,,,,0.17,1.71,8.84,0.17,1.70,8.82,0.00,0.00,,,,,,,,0.00,0.00,,0.08,0.67,10.34,0.16,1.61,8.75,0.00,0.00,
menuItem,Beer & Wine,Red Bottle,,BTL Auspicion Cabernet,,,Wine,[],false,0.10,0.92,13.79,0.26,2.65,13.92,0.00,0.00,0.00,,,,0.26,2.71,14.06,0.27,2.72,14.07,0.00,0.00,,,,,,,,0.00,0.00,,0.10,0.89,13.79,0.25,2.57,13.92,0.00,0.00,
menuItem,Beer & Wine,Red Bottle,,BTL Calimoro Montepulciano,,,Wine,[],false,0.23,2.08,31.03,0.59,5.97,31.33,0.37,3.04,34.58,,,,0.59,6.04,31.29,0.60,6.04,31.30,0.00,0.00,,,,,,,,0.00,0.00,,0.23,2.00,31.03,0.57,5.77,31.33,0.00,0.00,
menuItem,Beer & Wine,Red Bottle,,Campobello Chianti,,,Wine,[],false,0.10,0.92,13.79,0.27,2.76,14.49,0.70,5.76,65.42,,,,0.26,2.70,13.97,0.27,2.70,13.99,0.00,0.00,,,,,,,,0.00,0.00,,0.10,0.89,13.79,0.26,2.67,14.49,0.00,0.00,
menuItem,Beer & Wine,Red Bottle,,BTL Dogajolo Red,,,Wine,[],false,0.03,0.23,3.45,0.07,0.70,3.67,0.00,0.00,0.00,,,,0.07,0.72,3.71,0.07,0.71,3.70,0.00,0.00,,,,,,,,0.00,0.00,,0.03,0.22,3.45,0.07,0.68,3.67,0.00,0.00,
menuItem,Beer & Wine,Red Bottle,,BTL Due Torri Pinot Noir,,,Wine,[],false,0.08,0.69,10.34,0.19,1.94,10.16,0.00,0.00,0.00,,,,0.19,1.98,10.26,0.20,1.98,10.24,0.00,0.00,,,,,,,,0.00,0.00,,0.08,0.67,10.34,0.19,1.87,10.16,0.00,0.00,
menuItem,Beer & Wine,Red Bottle,,BTL Opici Basket,,,Wine,[],false,0.10,0.92,13.79,0.26,2.65,13.92,0.00,0.00,0.00,,,,0.26,2.71,14.06,0.27,2.72,14.07,0.00,0.00,,,,,,,,0.00,0.00,,0.10,0.89,13.79,0.25,2.57,13.92,0.00,0.00,
menuItem,Beer & Wine,Red Bottle,,BTL Valpolicella,,,Wine,[],false,0.03,0.23,3.45,0.07,0.72,3.76,0.00,0.00,0.00,,,,0.07,0.73,3.80,0.07,0.73,3.80,0.00,0.00,,,,,,,,0.00,0.00,,0.03,0.22,3.45,0.07,0.69,3.76,0.00,0.00,
,Beer & Wine,Red Glass,,,,,,,,4.14,36.95,100.00,3.16,32.27,100.00,5.05,41.49,100.00,,,,3.13,32.06,100.00,3.21,32.19,100.00,4.29,29.02,100.00,,,,,,,4.29,29.02,100.00,4.15,36.75,100.00,3.19,32.16,100.00,4.78,31.25,100.00
menuItem,Beer & Wine,Red Glass,,GLS Al Verdi Sangiovese,,,Wine,[],false,0.59,5.31,14.38,0.40,4.13,12.78,0.41,3.37,8.13,,,,0.40,4.14,12.92,0.41,4.14,12.85,1.53,10.36,35.71,,,,,,,1.53,10.36,35.71,0.63,5.57,15.15,0.43,4.33,13.48,1.91,12.50,40.00
menuItem,Beer & Wine,Red Glass,,GLS Auspicion Cab,,,Wine,[],false,0.78,6.93,18.75,0.63,6.46,20.01,1.11,9.08,21.89,,,,0.62,6.40,19.96,0.64,6.42,19.95,0.00,0.00,0.00,,,,,,,0.00,0.00,0.00,0.76,6.68,18.18,0.62,6.24,19.41,0.00,0.00,0.00
menuItem,Beer & Wine,Red Glass,,GLS Avia Merlot,,,Wine,[],false,0.26,2.31,6.25,0.18,1.79,5.56,0.00,0.00,0.00,,,,0.18,1.83,5.72,0.18,1.83,5.68,0.00,0.00,0.00,,,,,,,0.00,0.00,0.00,0.25,2.23,6.06,0.17,1.73,5.39,0.00,0.00,0.00
menuItem,Beer & Wine,Red Glass,,GLS Calimoro Montepulciano,,,Wine,[],false,0.67,6.00,16.25,0.50,5.13,15.90,2.78,22.84,55.04,,,,0.46,4.74,14.77,0.48,4.77,14.81,0.00,0.00,0.00,,,,,,,0.00,0.00,0.00,0.65,5.79,15.76,0.49,4.96,15.42,0.00,0.00,0.00
menuItem,Beer & Wine,Red Glass,,GLS Dogajolo Red,,,Wine,[],false,0.16,1.39,3.75,0.13,1.29,4.00,0.00,0.00,0.00,,,,0.13,1.32,4.12,0.13,1.33,4.12,0.92,6.22,21.43,,,,,,,0.92,6.22,21.43,0.18,1.56,4.24,0.14,1.46,4.53,0.96,6.25,20.00
menuItem,Beer & Wine,Red Glass,,GLS Due Torri Pinot Noir,,,Wine,[],false,0.41,3.70,10.00,0.31,3.16,9.78,0.34,2.76,6.64,,,,0.31,3.17,9.87,0.32,3.19,9.90,0.00,0.00,0.00,,,,,,,0.00,0.00,0.00,0.40,3.56,9.70,0.30,3.05,9.49,0.00,0.00,0.00
menuItem,Beer & Wine,Red Glass,,GLS Nero,,,Wine,[],false,0.10,0.92,2.50,0.08,0.79,2.45,0.00,0.00,0.00,,,,0.08,0.81,2.52,0.08,0.82,2.53,0.00,0.00,0.00,,,,,,,0.00,0.00,0.00,0.10,0.89,2.42,0.08,0.76,2.37,0.00,0.00,0.00
menuItem,Beer & Wine,Red Glass,,GLS Opici Basket,,,Wine,[],false,0.34,3.00,8.13,0.25,2.57,7.95,0.00,0.00,0.00,,,,0.26,2.62,8.18,0.26,2.64,8.21,0.84,5.70,19.64,,,,,,,0.84,5.70,19.64,0.35,3.12,8.48,0.26,2.67,8.30,0.96,6.25,20.00
menuItem,Beer & Wine,Red Glass,,GLS Campobello Chianti,,,Wine,[],false,0.03,0.23,0.63,0.02,0.22,0.67,0.00,0.00,0.00,,,,0.02,0.22,0.69,0.02,0.22,0.69,0.00,0.00,0.00,,,,,,,0.00,0.00,0.00,0.03,0.22,0.61,0.02,0.21,0.65,0.00,0.00,0.00
menuItem,Beer & Wine,Red Glass,,GLS San Vicenti Chianti,,,Wine,[],false,0.70,6.24,16.88,0.57,5.81,18.01,0.42,3.45,8.31,,,,0.57,5.86,18.29,0.59,5.89,18.31,0.00,0.00,0.00,,,,,,,0.00,0.00,0.00,0.68,6.01,16.36,0.56,5.62,17.47,0.00,0.00,0.00
menuItem,Beer & Wine,Red Glass,,GLS Valpolicella,,,Wine,[],false,0.10,0.92,2.50,0.09,0.93,2.89,0.00,0.00,0.00,,,,0.09,0.95,2.97,0.10,0.95,2.96,1.00,6.74,23.21,,,,,,,1.00,6.74,23.21,0.13,1.11,3.03,0.11,1.13,3.50,0.96,6.25,20.00
,Beer & Wine,Red Bottle Top Shelf,,,,,,,,0.16,1.39,100.00,0.64,6.57,100.00,1.76,14.48,100.00,,,,0.62,6.39,100.00,0.64,6.38,100.00,0.00,0.00,,,,,,,,0.00,0.00,,0.15,1.34,100.00,0.63,6.35,100.00,0.00,0.00,
menuItem,Beer & Wine,Red Bottle Top Shelf,,BTL Caesari Amarone,,,Wine,[],false,0.05,0.46,33.33,0.31,3.16,48.09,1.76,14.48,100.00,,,,0.28,2.90,45.46,0.29,2.90,45.45,0.00,0.00,,,,,,,,0.00,0.00,,0.05,0.45,33.33,0.30,3.05,48.09,0.00,0.00,
menuItem,Beer & Wine,Red Bottle Top Shelf,,BTL Cesari Valpolicella Ripasso,,,Wine,[],false,0.05,0.46,33.33,0.20,2.08,31.69,0.00,0.00,0.00,,,,0.21,2.13,33.30,0.21,2.12,33.26,0.00,0.00,,,,,,,,0.00,0.00,,0.05,0.45,33.33,0.20,2.01,31.69,0.00,0.00,
menuItem,Beer & Wine,Red Bottle Top Shelf,,BTL Luiano,,,Wine,[],false,0.05,0.46,33.33,0.13,1.33,20.22,0.00,0.00,0.00,,,,0.13,1.36,21.24,0.14,1.36,21.29,0.00,0.00,,,,,,,,0.00,0.00,,0.05,0.45,33.33,0.13,1.28,20.22,0.00,0.00,
,Beer & Wine,Sparkling Bottle,,,,,,,,0.18,1.62,100.00,0.45,4.56,100.00,0.00,0.00,,,,,0.45,4.66,100.00,0.46,4.65,100.00,2.91,19.69,100.00,,,,,,,2.91,19.69,100.00,0.20,1.78,100.00,0.50,5.06,100.00,0.96,6.25,100.00
menuItem,Beer & Wine,Sparkling Bottle,,BTL Lambrusco,,,Wine,[],false,0.08,0.69,42.86,0.19,1.94,42.52,0.00,0.00,,,,,0.19,1.98,42.52,0.20,1.98,42.51,0.00,0.00,0.00,,,,,,,0.00,0.00,0.00,0.08,0.67,37.50,0.19,1.87,36.99,0.00,0.00,0.00
menuItem,Beer & Wine,Sparkling Bottle,,BTL Moscato,,,Wine,[],false,0.08,0.69,42.86,0.19,1.94,42.52,0.00,0.00,,,,,0.19,1.98,42.52,0.20,1.98,42.51,0.00,0.00,0.00,,,,,,,0.00,0.00,0.00,0.08,0.67,37.50,0.19,1.87,36.99,0.00,0.00,0.00
menuItem,Beer & Wine,Sparkling Bottle,,BTL Prosecco,,,Wine,[],false,0.03,0.23,14.29,0.07,0.68,14.96,0.00,0.00,,,,,0.07,0.70,14.96,0.07,0.70,14.99,2.91,19.69,100.00,,,,,,,2.91,19.69,100.00,0.05,0.45,25.00,0.13,1.32,26.03,0.96,6.25,100.00
,Beer & Wine,Sparkling Glass,,,,,,,,0.90,8.08,100.00,0.69,7.03,100.00,0.34,2.76,100.00,,,,0.70,7.13,100.00,0.72,7.17,100.00,5.90,39.90,100.00,,,,,,,5.90,39.90,100.00,1.06,9.35,100.00,0.81,8.13,100.00,6.70,43.75,100.00
menuItem,Beer & Wine,Sparkling Glass,,GLS Lambrusco,,,Wine,[],false,0.26,2.31,28.57,0.19,1.97,28.06,0.00,0.00,0.00,,,,0.20,2.02,28.30,0.20,2.03,28.33,3.37,22.80,57.14,,,,,,,3.37,22.80,57.14,0.35,3.12,33.33,0.26,2.67,32.84,3.83,25.00,57.14
menuItem,Beer & Wine,Sparkling Glass,,GLS Moscato,,,Wine,[],false,0.47,4.16,51.43,0.35,3.55,50.51,0.34,2.76,100.00,,,,0.35,3.57,50.08,0.36,3.59,50.09,2.53,17.10,42.86,,,,,,,2.53,17.10,42.86,0.53,4.68,50.00,0.40,4.00,49.25,2.87,18.75,42.86
menuItem,Beer & Wine,Sparkling Glass,,GLS Prosecco,,,Wine,[],false,0.18,1.62,20.00,0.15,1.51,21.43,0.00,0.00,0.00,,,,0.15,1.54,21.61,0.15,1.55,21.58,0.00,0.00,0.00,,,,,,,0.00,0.00,0.00,0.18,1.56,16.67,0.14,1.46,17.91,0.00,0.00,0.00
,Beer & Wine,White Bottle,,,,,,,,0.16,1.39,100.00,0.35,3.55,100.00,0.00,0.00,,,,,0.35,3.63,100.00,0.36,3.63,100.00,0.00,0.00,,,,,,,,0.00,0.00,,0.15,1.34,100.00,0.34,3.43,100.00,0.00,0.00,
menuItem,Beer & Wine,White Bottle,,BTL Al Verdi Pinot Grigio,,,Wine,[],false,0.10,0.92,66.67,0.22,2.22,62.63,0.00,0.00,,,,,0.22,2.27,62.63,0.23,2.27,62.60,0.00,0.00,,,,,,,,0.00,0.00,,0.10,0.89,66.67,0.21,2.15,62.63,0.00,0.00,
menuItem,Beer & Wine,White Bottle,,BTL Chardonnay,,,Wine,[],false,0.03,0.23,16.67,0.06,0.65,18.18,0.00,0.00,,,,,0.06,0.66,18.18,0.07,0.66,18.18,0.00,0.00,,,,,,,,0.00,0.00,,0.03,0.22,16.67,0.06,0.62,18.18,0.00,0.00,
menuItem,Beer & Wine,White Bottle,,BTL Dogajolo White,,,Wine,[],false,0.03,0.23,16.67,0.07,0.68,19.19,0.00,0.00,,,,,0.07,0.70,19.19,0.07,0.70,19.22,0.00,0.00,,,,,,,,0.00,0.00,,0.03,0.22,16.67,0.07,0.66,19.19,0.00,0.00,
,Beer & Wine,White Glass,,,,,,,,1.76,15.70,100.00,1.27,12.97,100.00,2.34,19.19,100.00,,,,1.25,12.83,100.00,1.28,12.84,100.00,0.77,5.18,100.00,,,,,,,0.77,5.18,100.00,1.74,15.37,100.00,1.26,12.71,100.00,0.96,6.25,100.00
menuItem,Beer & Wine,White Glass,,GLS Al Verdi Pinot Grigio,,,Wine,[],false,1.01,9.01,57.35,0.69,7.00,53.94,1.14,9.32,48.56,,,,0.68,6.94,54.12,0.69,6.91,53.85,0.77,5.18,100.00,,,,,,,0.77,5.18,100.00,1.01,8.91,57.97,0.69,6.93,54.57,0.96,6.25,100.00
menuItem,Beer & Wine,White Glass,,GLS Chardonnay,,,Wine,[],false,0.39,3.46,22.06,0.29,2.96,22.82,0.00,0.00,0.00,,,,0.30,3.03,23.58,0.30,3.05,23.75,0.00,0.00,0.00,,,,,,,0.00,0.00,0.00,0.38,3.34,21.74,0.28,2.86,22.51,0.00,0.00,0.00
menuItem,Beer & Wine,White Glass,,GLS Dogajolo White,,,Wine,[],false,0.36,3.23,20.59,0.30,3.01,23.24,1.20,9.87,51.44,,,,0.28,2.86,22.30,0.29,2.87,22.39,0.00,0.00,0.00,,,,,,,0.00,0.00,0.00,0.35,3.12,20.29,0.29,2.91,22.92,0.00,0.00,0.00
,Drinks,,,,,,,,,13.78,100.00,,8.77,100.00,,3.72,100.00,,,,,8.86,100.00,,9.02,100.00,,11.16,100.00,,,,,,,,11.16,100.00,,13.82,100.00,,8.82,100.00,,15.31,100.00,
,Drinks,Liquor,,,,,,,,0.41,3.00,100.00,0.27,3.07,100.00,0.00,0.00,,,,,0.27,3.09,100.00,0.28,3.10,100.00,4.14,37.07,100.00,,,,,,,4.14,37.07,100.00,0.55,4.01,100.00,0.36,4.03,100.00,5.74,37.50,100.00
menuItem,Drinks,Liquor,,Limoncello,,,Liquor,[],false,0.08,0.56,18.75,0.05,0.60,19.61,0.00,0.00,,,,,0.05,0.61,19.61,0.05,0.61,19.59,0.77,6.86,18.52,,,,,,,0.77,6.86,18.52,0.10,0.73,18.18,0.07,0.78,19.32,0.96,6.25,16.67
menuItem,Drinks,Liquor,,Amaretto,,,Liquor,[],false,0.05,0.38,12.50,0.04,0.40,13.07,0.00,0.00,,,,,0.04,0.40,13.07,0.04,0.40,13.06,0.77,6.86,18.52,,,,,,,0.77,6.86,18.52,0.08,0.55,13.64,0.05,0.58,14.49,0.96,6.25,16.67
menuItem,Drinks,Liquor,,Mixed Drink,,,Liquor,[],false,0.08,0.56,18.75,0.04,0.48,15.69,0.00,0.00,,,,,0.04,0.48,15.69,0.04,0.49,15.76,1.23,10.98,29.63,,,,,,,1.23,10.98,29.63,0.13,0.91,22.73,0.07,0.78,19.32,1.91,12.50,33.33
menuItem,Drinks,Liquor,,Premium Mixed,,,Liquor,[],false,0.16,1.13,37.50,0.11,1.20,39.22,0.00,0.00,,,,,0.11,1.21,39.22,0.11,1.21,39.17,0.00,0.00,0.00,,,,,,,0.00,0.00,0.00,0.15,1.09,27.27,0.10,1.17,28.99,0.00,0.00,0.00
menuItem,Drinks,Liquor,,Double Mixed Drink,,,Liquor,[],false,0.03,0.19,6.25,0.02,0.24,7.84,0.00,0.00,,,,,0.02,0.24,7.84,0.02,0.24,7.88,0.00,0.00,0.00,,,,,,,0.00,0.00,0.00,0.03,0.18,4.55,0.02,0.23,5.80,0.00,0.00,0.00
menuItem,Drinks,Liquor,,"Bourbon ",,,Liquor,[],false,0.03,0.19,6.25,0.01,0.14,4.58,0.00,0.00,,,,,0.01,0.14,4.58,0.01,0.14,4.54,0.54,4.81,12.96,,,,,,,0.54,4.81,12.96,0.05,0.36,9.09,0.02,0.27,6.76,0.96,6.25,16.67
menuItem,Drinks,Liquor,,Coco di Vine,,,Liquor,[],false,0.00,0.00,0.00,0.00,0.00,0.00,0.00,0.00,,,,,0.00,0.00,0.00,0.00,0.00,0.00,0.84,7.55,20.37,,,,,,,0.84,7.55,20.37,0.03,0.18,4.55,0.02,0.21,5.31,0.96,6.25,16.67
,Drinks,House Cocktails,,,,,,,,6.13,44.47,100.00,6.12,69.80,100.00,2.27,61.05,100.00,,,,6.19,69.87,100.00,6.32,70.02,100.00,6.28,56.29,100.00,,,,,,,6.28,56.29,100.00,6.14,44.44,100.00,6.13,69.42,100.00,6.70,43.75,100.00
menuItem,Drinks,House Cocktails,,Cioccolato Martini,,,Liquor,[],false,0.28,2.06,4.64,0.25,2.87,4.11,0.35,9.38,15.36,,,,0.25,2.82,4.03,0.26,2.84,4.05,0.00,0.00,0.00,,,,,,,0.00,0.00,0.00,0.28,2.00,4.51,0.25,2.79,4.01,0.00,0.00,0.00
menuItem,Drinks,House Cocktails,,Dirty Martini,,,Liquor,[],false,0.47,3.38,7.59,0.41,4.69,6.72,0.27,7.33,12.01,,,,0.41,4.67,6.69,0.42,4.70,6.71,1.00,8.92,15.85,,,,,,,1.00,8.92,15.85,0.48,3.46,7.79,0.42,4.81,6.93,0.96,6.25,14.29
menuItem,Drinks,House Cocktails,,Kick in the Head,,,Liquor,[],false,0.21,1.50,3.38,0.14,1.60,2.30,0.00,0.00,0.00,,,,0.14,1.62,2.31,0.15,1.62,2.31,1.53,13.73,24.39,,,,,,,1.53,13.73,24.39,0.25,1.82,4.10,0.17,1.95,2.81,1.91,12.50,28.57
menuItem,Drinks,House Cocktails,,Limoncello Martini,,,Liquor,[],false,1.24,9.01,20.25,1.10,12.51,17.93,0.00,0.00,0.00,,,,1.12,12.61,18.04,1.14,12.68,18.11,1.00,8.92,15.85,,,,,,,1.00,8.92,15.85,1.23,8.93,20.08,1.10,12.41,17.88,0.96,6.25,14.29
menuItem,Drinks,House Cocktails,,Newton Fash,,,Liquor,[],false,0.54,3.94,8.86,0.59,6.74,9.65,0.00,0.00,0.00,,,,0.60,6.79,9.72,0.61,6.79,9.70,0.00,0.00,0.00,,,,,,,0.00,0.00,0.00,0.53,3.83,8.61,0.58,6.55,9.43,0.00,0.00,0.00
menuItem,Drinks,House Cocktails,,Staten Island,,,Liquor,[],false,0.44,3.19,7.17,0.36,4.09,5.86,0.12,3.23,5.30,,,,0.36,4.10,5.86,0.37,4.13,5.89,0.92,8.24,14.63,,,,,,,0.92,8.24,14.63,0.45,3.28,7.38,0.37,4.21,6.06,0.96,6.25,14.29
menuItem,Drinks,House Cocktails,,Valium,,,Liquor,[],false,0.62,4.50,10.13,0.51,5.78,8.27,0.97,26.09,42.74,,,,0.50,5.62,8.05,0.51,5.65,8.08,1.84,16.47,29.27,,,,,,,1.84,16.47,29.27,0.65,4.74,10.66,0.54,6.08,8.76,1.91,12.50,28.57
menuItem,Drinks,House Cocktails,,Quiet Professional,,,Liquor,[],false,1.47,10.69,24.05,1.76,20.05,28.73,0.56,15.01,24.59,,,,1.78,20.09,28.75,1.81,20.07,28.66,0.00,0.00,0.00,,,,,,,0.00,0.00,0.00,1.44,10.38,23.36,1.72,19.48,28.07,0.00,0.00,0.00
menuItem,Drinks,House Cocktails,,Little Italy,,,Liquor,[],false,0.67,4.88,10.97,0.81,9.22,13.21,0.00,0.00,0.00,,,,0.82,9.29,13.30,0.84,9.28,13.26,0.00,0.00,0.00,,,,,,,0.00,0.00,0.00,0.65,4.74,10.66,0.79,8.96,12.91,0.00,0.00,0.00
menuItem,Drinks,House Cocktails,,Roman Holiday,,,Liquor,[],false,0.18,1.31,2.95,0.20,2.25,3.22,0.00,0.00,0.00,,,,0.20,2.26,3.24,0.20,2.26,3.23,0.00,0.00,0.00,,,,,,,0.00,0.00,0.00,0.18,1.28,2.87,0.19,2.18,3.14,0.00,0.00,0.00
,Drinks,Featured Cocktails,,,,,,,,0.75,5.44,100.00,0.79,9.06,100.00,0.00,0.00,,,,,0.81,9.13,100.00,0.82,9.14,100.00,0.00,0.00,,,,,,,,0.00,0.00,,0.73,5.28,100.00,0.78,8.81,100.00,0.00,0.00,
menuItem,Drinks,Featured Cocktails,,Quiet Professional,,,,[],false,0.10,0.75,13.79,0.12,1.36,15.04,0.00,0.00,,,,,0.12,1.37,15.04,0.12,1.37,15.01,0.00,0.00,,,,,,,,0.00,0.00,,0.10,0.73,13.79,0.12,1.32,15.04,0.00,0.00,
menuItem,Drinks,Featured Cocktails,,Little Italy,,,,[],false,0.08,0.56,10.34,0.09,1.02,11.28,0.00,0.00,,,,,0.09,1.03,11.28,0.09,1.03,11.26,0.00,0.00,,,,,,,,0.00,0.00,,0.08,0.55,10.34,0.09,0.99,11.28,0.00,0.00,
menuItem,Drinks,Featured Cocktails,,Roman Holiday,,,,,false,0.08,0.56,10.34,0.08,0.96,10.62,0.00,0.00,,,,,0.09,0.97,10.62,0.09,0.97,10.61,0.00,0.00,,,,,,,,0.00,0.00,,0.08,0.55,10.34,0.08,0.94,10.62,0.00,0.00,
menuItem,Drinks,Featured Cocktails,,Limoncello Spritz,,,,[],false,0.49,3.56,65.52,0.50,5.71,63.05,0.00,0.00,,,,,0.51,5.76,63.05,0.52,5.77,63.13,0.00,0.00,,,,,,,,0.00,0.00,,0.48,3.46,65.52,0.49,5.55,63.05,0.00,0.00,
,Drinks,NA Bev,,,,,,,,6.49,47.09,100.00,1.58,18.07,100.00,1.45,38.95,100.00,,,,1.59,17.91,100.00,1.60,17.74,100.00,0.74,6.64,100.00,,,,,,,0.74,6.64,100.00,6.39,46.27,100.00,1.57,17.74,100.00,2.87,18.75,100.00
menuItem,Drinks,NA Bev,,Coke,,,NA Beverage,[],false,1.89,13.70,29.08,0.46,5.26,29.09,0.12,3.18,8.17,,,,0.47,5.27,29.43,0.47,5.21,29.36,0.55,4.93,74.17,,,,,,,0.55,4.93,74.17,1.89,13.66,29.53,0.46,5.25,29.57,1.91,12.50,66.67
menuItem,Drinks,NA Bev,,Diet Coke,,,NA Beverage,[],false,1.09,7.88,16.73,0.27,3.02,16.73,0.19,5.04,12.94,,,,0.27,3.01,16.80,0.27,2.97,16.74,0.00,0.00,0.00,,,,,,,0.00,0.00,0.00,1.06,7.65,16.54,0.26,2.94,16.56,0.00,0.00,0.00
menuItem,Drinks,NA Bev,,Dr Pepper,,,NA Beverage,[],false,1.29,9.38,19.92,0.32,3.60,19.92,0.54,14.42,37.02,,,,0.31,3.52,19.64,0.31,3.47,19.58,0.00,0.00,0.00,,,,,,,0.00,0.00,0.00,1.26,9.11,19.69,0.31,3.50,19.71,0.00,0.00,0.00
menuItem,Drinks,NA Bev,,Lemonade,,,NA Beverage,,false,0.13,0.94,1.99,0.03,0.36,1.99,0.00,0.00,0.00,,,,0.03,0.36,2.02,0.03,0.36,2.02,0.00,0.00,0.00,,,,,,,0.00,0.00,0.00,0.13,0.91,1.97,0.03,0.35,1.97,0.00,0.00,0.00
menuItem,Drinks,NA Bev,,Sprite,,,NA Beverage,[],false,0.54,3.94,8.37,0.13,1.51,8.37,0.00,0.00,0.00,,,,0.13,1.52,8.50,0.14,1.51,8.49,0.00,0.00,0.00,,,,,,,0.00,0.00,0.00,0.53,3.83,8.27,0.13,1.47,8.28,0.00,0.00,0.00
menuItem,Drinks,NA Bev,,Unsweet Tea,,,NA Beverage,[],false,0.44,3.19,6.77,0.11,1.22,6.77,0.27,7.25,18.62,,,,0.10,1.18,6.58,0.11,1.17,6.57,0.00,0.00,0.00,,,,,,,0.00,0.00,0.00,0.43,3.10,6.69,0.10,1.19,6.70,0.00,0.00,0.00
menuItem,Drinks,NA Bev,,Raspberry Tea,,,NA Beverage,[],false,0.26,1.88,3.98,0.06,0.72,3.98,0.00,0.00,0.00,,,,0.06,0.73,4.05,0.06,0.72,4.04,0.00,0.00,0.00,,,,,,,0.00,0.00,0.00,0.25,1.82,3.94,0.06,0.70,3.94,0.00,0.00,0.00
menuItem,Drinks,NA Bev,,Soda Water,,,NA Beverage,[],false,0.03,0.19,0.40,0.00,0.04,0.22,0.00,0.00,0.00,,,,0.00,0.04,0.23,0.00,0.04,0.22,0.00,0.00,0.00,,,,,,,0.00,0.00,0.00,0.03,0.18,0.39,0.00,0.04,0.22,0.00,0.00,0.00
menuItem,Drinks,NA Bev,,Italian Soda,,,NA Beverage,,false,0.03,0.19,0.40,0.01,0.08,0.44,0.00,0.00,0.00,,,,0.01,0.08,0.45,0.01,0.08,0.46,0.00,0.00,0.00,,,,,,,0.00,0.00,0.00,0.03,0.18,0.39,0.01,0.08,0.44,0.00,0.00,0.00
menuItem,Drinks,NA Bev,,Coffee,,,NA Beverage,[],false,0.44,3.19,6.77,0.10,1.19,6.60,0.34,9.06,23.25,,,,0.10,1.13,6.33,0.10,1.15,6.47,0.00,0.00,0.00,,,,,,,0.00,0.00,0.00,0.43,3.10,6.69,0.10,1.16,6.53,0.00,0.00,0.00
menuItem,Drinks,NA Bev,,Hot Tea,,,NA Beverage,[],false,0.05,0.38,0.80,0.01,0.10,0.55,0.00,0.00,0.00,,,,0.01,0.10,0.56,0.01,0.10,0.56,0.19,1.72,25.83,,,,,,,0.19,1.72,25.83,0.08,0.55,1.18,0.01,0.15,0.82,0.96,6.25,33.33
menuItem,Drinks,NA Bev,,Shirley Tmple,,,NA Beverage,[],false,0.31,2.25,4.78,0.08,0.96,5.31,0.00,0.00,0.00,,,,0.09,0.97,5.40,0.09,0.98,5.51,0.00,0.00,0.00,,,,,,,0.00,0.00,0.00,0.30,2.19,4.72,0.08,0.93,5.26,0.00,0.00,0.00
,Daily Specials,,,,,,,,,0.21,100.00,,0.23,100.00,,0.00,,,,,,0.23,100.00,,0.24,100.00,,0.00,,,,,,,,,0.00,,,0.20,100.00,,0.22,100.00,,0.00,,
,Daily Specials,Sunday AllUCanEatPasta,,,,,,,,0.21,100.00,100.00,0.23,100.00,100.00,0.00,,,,,,0.23,100.00,100.00,0.24,100.00,100.00,0.00,,,,,,,,,0.00,,,0.20,100.00,100.00,0.22,100.00,100.00,0.00,,
menuItem,Daily Specials,Sunday AllUCanEatPasta,,AllUCanEat Spaghetti meat sauce,,,Food,[],false,0.03,12.50,12.50,0.03,13.90,13.90,0.00,,,,,,0.03,13.90,13.90,0.03,13.83,13.83,0.00,,,,,,,,,0.00,,,0.03,12.50,12.50,0.03,13.90,13.90,0.00,,
menuItem,Daily Specials,Sunday AllUCanEatPasta,,AllUCanEat Fettuccine Alfredo,,,Food,[],false,0.18,87.50,87.50,0.20,86.10,86.10,0.00,,,,,,0.20,86.10,86.10,0.20,86.17,86.17,0.00,,,,,,,,,0.00,,,0.18,87.50,87.50,0.19,86.10,86.10,0.00,,
,Territory Days,,,,,,,,,6.52,100.00,,3.15,100.00,,0.00,,,,,,3.20,100.00,,3.28,100.00,,8.73,100.00,,,,,,,,8.73,100.00,,6.67,100.00,,3.27,100.00,,12.44,100.00,
,Territory Days,Supplies,,,,,,,,0.59,9.13,100.00,0.00,0.00,,0.00,,,,,,0.00,0.00,,0.00,0.00,,0.00,0.00,,,,,,,,0.00,0.00,,0.58,8.68,100.00,0.00,0.00,,0.00,0.00,
menuItem,Territory Days,Supplies,,More bread,,,,[],false,0.23,3.57,39.13,0.00,0.00,,0.00,,,,,,0.00,0.00,,0.00,0.00,,0.00,0.00,,,,,,,,0.00,0.00,,0.23,3.40,39.13,0.00,0.00,,0.00,0.00,
menuItem,Territory Days,Supplies,,More cannoli,,,,[],false,0.21,3.17,34.78,0.00,0.00,,0.00,,,,,,0.00,0.00,,0.00,0.00,,0.00,0.00,,,,,,,,0.00,0.00,,0.20,3.02,34.78,0.00,0.00,,0.00,0.00,
menuItem,Territory Days,Supplies,,More sandwich meat,,,,[],false,0.16,2.38,26.09,0.00,0.00,,0.00,,,,,,0.00,0.00,,0.00,0.00,,0.00,0.00,,,,,,,,0.00,0.00,,0.15,2.26,26.09,0.00,0.00,,0.00,0.00,
,Territory Days,Food,,,,,,,,5.92,90.87,100.00,3.15,100.00,100.00,0.00,,,,,,3.20,100.00,100.00,3.28,100.00,100.00,8.73,100.00,100.00,,,,,,,8.73,100.00,100.00,6.09,91.32,100.00,3.27,100.00,100.00,12.44,100.00,100.00
menuItem,Territory Days,Food,,Italian Beef Sandwich,,,,[],false,1.94,29.76,32.75,1.58,50.31,50.31,0.00,,,,,,1.61,50.31,50.31,1.65,50.35,50.35,5.52,63.16,63.16,,,,,,,5.52,63.16,63.16,2.04,30.57,33.47,1.67,51.08,51.08,5.74,46.15,46.15
menuItem,Territory Days,Food,,Italian Ice Pop,,,,[],false,1.27,19.44,21.40,0.09,2.74,2.74,0.00,,,,,,0.09,2.74,2.74,0.09,2.66,2.66,0.15,1.75,1.75,,,,,,,0.15,1.75,1.75,1.28,19.25,21.07,0.09,2.68,2.68,1.91,15.38,15.38
menuItem,Territory Days,Food,,Cannoli,,,,[],false,2.71,41.67,45.85,1.48,46.95,46.95,0.00,,,,,,1.50,46.95,46.95,1.54,46.99,46.99,3.06,35.09,35.09,,,,,,,3.06,35.09,35.09,2.77,41.51,45.45,1.51,46.24,46.24,4.78,38.46,38.46
,Open items,,,,,,,,,0.41,100.00,,3.06,100.00,,0.00,,,,,,3.11,100.00,,1.22,100.00,,0.00,,,,,,,,,0.00,,,0.40,100.00,,2.99,100.00,,0.00,,
,Open items,Open Drink,,,,,,,,0.10,25.00,100.00,0.26,8.57,100.00,0.00,,,,,,0.27,8.57,100.00,0.27,22.31,100.00,0.00,,,,,,,,,0.00,,,0.10,25.00,100.00,0.26,8.57,100.00,0.00,,
openItem,Open items,Open Drink,,Carpineto,,,,[],false,0.05,12.50,50.00,0.22,7.13,83.22,0.00,,,,,,0.22,7.13,83.22,0.23,18.57,83.21,0.00,,,,,,,,,0.00,,,0.05,12.50,50.00,0.21,7.13,83.22,0.00,,
openItem,Open items,Open Drink,,Shot,,,,[],false,0.03,6.25,25.00,0.01,0.46,5.37,0.00,,,,,,0.01,0.46,5.37,0.01,1.21,5.41,0.00,,,,,,,,,0.00,,,0.03,6.25,25.00,0.01,0.46,5.37,0.00,,
openItem,Open items,Open Drink,,Spl Cocktail,,,,[],false,0.03,6.25,25.00,0.03,0.98,11.41,0.00,,,,,,0.03,0.98,11.41,0.03,2.54,11.38,0.00,,,,,,,,,0.00,,,0.03,6.25,25.00,0.03,0.98,11.41,0.00,,
,Open items,Open Food,,,,,,,,0.31,75.00,100.00,2.79,91.43,100.00,0.00,,,,,,2.84,91.43,100.00,0.95,77.69,100.00,0.00,,,,,,,,,0.00,,,0.30,75.00,100.00,2.73,91.43,100.00,0.00,,
openItem,Open items,Open Food,,1\2  Bread Plate W Oil,,,,[],false,0.03,6.25,8.33,0.00,0.12,0.13,0.00,,,,,,0.00,0.12,0.13,0.00,0.29,0.38,0.00,,,,,,,,,0.00,,,0.03,6.25,8.33,0.00,0.12,0.13,0.00,,
openItem,Open items,Open Food,,Catering,,,,[],false,0.05,12.50,16.67,1.00,32.82,35.90,0.00,,,,,,1.02,32.82,35.90,0.91,74.93,96.45,0.00,,,,,,,,,0.00,,,0.05,12.50,16.67,0.98,32.82,35.90,0.00,,
openItem,Open items,Open Food,,Catering In House,,,,[],false,0.03,6.25,8.33,1.76,57.54,62.93,0.00,,,,,,1.79,57.54,62.93,0.00,0.00,0.00,0.00,,,,,,,,,0.00,,,0.03,6.25,8.33,1.72,57.54,62.93,0.00,,
openItem,Open items,Open Food,,Chicken Breast,,,,[],false,0.03,6.25,8.33,0.01,0.26,0.28,0.00,,,,,,0.01,0.26,0.28,0.01,0.68,0.87,0.00,,,,,,,,,0.00,,,0.03,6.25,8.33,0.01,0.26,0.28,0.00,,
openItem,Open items,Open Food,,Ex Carb,,,,[],false,0.03,6.25,8.33,0.01,0.17,0.19,0.00,,,,,,0.01,0.17,0.19,0.01,0.46,0.59,0.00,,,,,,,,,0.00,,,0.03,6.25,8.33,0.01,0.17,0.19,0.00,,
openItem,Open items,Open Food,,Gluten Free Pasta,,,,[],false,0.03,6.25,8.33,0.01,0.23,0.25,0.00,,,,,,0.01,0.23,0.25,0.01,0.60,0.78,0.00,,,,,,,,,0.00,,,0.03,6.25,8.33,0.01,0.23,0.25,0.00,,
openItem,Open items,Open Food,,Half Bread Plate,,,,[],false,0.03,6.25,8.33,0.00,0.14,0.16,0.00,,,,,,0.00,0.14,0.16,0.00,0.37,0.47,0.00,,,,,,,,,0.00,,,0.03,6.25,8.33,0.00,0.14,0.16,0.00,,
openItem,Open items,Open Food,,Half Bread Plate,,,,,false,0.03,6.25,8.33,0.00,0.14,0.16,0.00,,,,,,0.00,0.14,0.16,0.00,0.37,0.47,0.00,,,,,,,,,0.00,,,0.03,6.25,8.33,0.00,0.14,0.16,0.00,,
openItem,Open items,Open Food,,Red Saucd,,,,[],false,0.03,6.25,8.33,0.00,0.00,0.00,0.00,,,,,,0.00,0.00,0.00,0.00,0.00,0.00,0.00,,,,,,,,,0.00,,,0.03,6.25,8.33,0.00,0.00,0.00,0.00,,
openItem,Open items,Open Food,,Shellfish Allergy,,,,[],false,0.05,12.50,16.67,0.00,0.00,0.00,0.00,,,,,,0.00,0.00,0.00,0.00,0.00,0.00,0.00,,,,,,,,,0.00,,,0.05,12.50,16.67,0.00,0.00,0.00,0.00,,
